код ТТ;Название ТТ;Широта;Долгота;Продажи;Кластер;Нов продажи с корректировкой 25;Топ/аут;Потенциал продаж;Субканал (формат)
2,9879E+14;СПАР;55,16264066;61,28944561;20.01525499;ПродуктСО504;33,65207109;0;0.681321128;Конвиниенс
2,9879E+14;СПАР;55,1919805;61,3853025;85.53562822;ПродуктСО503;85,53562822;1;0;Конвиниенс
2,9879E+14;СПАР;55,1641452;61,2883039;92.9246525;ПродуктСО503;92,9246525;1;0;Конвиниенс
2,9879E+14;СПАР;55,1834;61,30171;59.78269699;ПродуктСО503;59,78269699;1;0;Конвиниенс
2,94521E+14;Ариант;55,1641773;61,295039;31.60434047;ПродуктСО403;31,60434047;1;0;Конвиниенс
2,94521E+14;Ариант;55,1602809;61,2968899;1.618588225;ПродуктСО404;1,780447048;0;0.1;Конвиниенс
2,94521E+14;Ариант;55,1483536;61,41241696;1.993894892;ПродуктСО403;3,540740332;0;0.775790864;Конвиниенс
2,9879E+14;Ариант;55,17574708;61,29380985;6.12691742;ПродуктСО403;6,12691742;1;0;Конвиниенс
2,9879E+14;Ариант;55,1956722;61,3354144;7.991676524;ПродуктСО403;7,991676524;1;0;Конвиниенс
2,9452E+14;Сельпо;55,1825788;61,2722528;92.7680456;ПродуктСО402;92,7680456;1;0;Конвиниенс
2,94521E+14;Ариант;55,13374923;61,43795361;3.305173136;ПродуктСО403;3,540740332;0;0.071272271;Конвиниенс
2,94521E+14;Ариант;55,13307953;61,42678833;5.936507608;ПродуктСО403;5,936507608;1;0;Конвиниенс
2,94521E+14;Ариант;55,11609957;61,46878598;3.218854848;ПродуктСО403;3,540740332;0;0.1;Конвиниенс
5340310;Семерочка ООО Новороссийский;55,10362311;61,48967687;144.5982475;ПродуктСО424;144,5982475;1;0;Конвиниенс
2,94521E+14;Ариант;55,198862;61,333337;2.598495278;ПродуктСО403;3,540740332;0;0.362611801;Конвиниенс
2,94521E+14;Ариант;55,19237759;61,28641505;2.271256914;ПродуктСО403;3,540740332;0;0.558934311;Конвиниенс
2,94521E+14;Ариант;55,1806456;61,43530715;246.2094734;ПродуктСО403;246,2094734;1;0;Конвиниенс
2,94521E+14;Ариант;55,17586717;61,45771667;9.393321595;ПродуктСО403;9,393321595;1;0;Конвиниенс
2,94521E+14;Ариант;55,1970122;61,4733181;23.14567692;ПродуктСО403;23,14567692;1;0;Конвиниенс
2,94521E+14;Ариант;55,0590067;61,3237835;89.92088693;ПродуктСО400;98,91297562;0;0.1;Конвиниенс
2,9879E+14;Ариант;55,07062;61,389484;24.72701427;ПродуктСО403;24,72701427;1;0;Конвиниенс
2,9879E+14;Ариант;55,14239;61,37608;2.998404584;ПродуктСО403;3,540740332;0;0.180874773;Конвиниенс
2,9452E+14;Усманова А. В;55,1415097;61,3920313;67.89515366;ПродуктСО423;116,5583515;0;0.716740374;Конвиниенс
2,9452E+14;Панова А. Ю;55,03882054;61,37030784;94.89543611;ПродуктСО433;120,0517368;0;0.265094948;Конвиниенс
2,94521E+14;Ариант;55,26373508;61,40294501;1.646872944;ПродуктСО403;2,709095044;0;0.644993351;Конвиниенс
2,9879E+14;Ариант;55,25829107;61,38208274;2.124560831;ПродуктСО403;3,540740332;0;0.666575172;Конвиниенс
N12426317;СПАР;55,173892;61,315563;29.03549862;ПродуктСО503;50,23471114;0;0.730113604;Конвиниенс
N12426320;СПАР;55,1936502;61,34148986;85.53562822;ПродуктСО503;85,53562822;1;0;Конвиниенс
N12426324;СПАР;55,1840695;61,29687469;35.53727048;ПродуктСО503;50,23471114;0;0.413578209;Конвиниенс
2,9879E+14;Магнит Навсари;55,10737;61,48005;188.1381429;ПродуктСО533;188,1381429;1;0;Конвиниенс
2,9452E+14;Магнит Сугомак;55,1225935;61,4346994;116.5553676;ПродуктСО513;116,5553676;1;0;Конвиниенс
2,9879E+14;Магнит Прононс;55,100713;61,4799693;135.2250653;ПродуктСО423;135,2250653;1;0;Конвиниенс
682278;Магнит Майдстоун;55,11654641;61,45964392;110.0529305;ПродуктСО423;116,5583515;0;0.059111747;Конвиниенс
N*551754295;Магнит Бецольд;55,138459;61,4436324;124.8396552;ПродуктСО523;124,8396552;1;0;Конвиниенс
6822213;Моя Цена Фейхоа;55,13182365;61,42787349;38.24799915;ПродуктСО513;67,89813751;0;0.775207567;Конвиниенс
N*551752658;Магнит Блиндаж;55,11868824;61,42422896;57.746476;ПродуктСО514;98,11505732;0;0.699065711;Конвиниенс
2,9452E+14;Магнит Южноуральский;55,17911148;61,46568298;230.7619774;ПродуктСО423;230,7619774;1;0;Конвиниенс
1911017536;Магнит Хохрякова;55,18193054;61,48604584;137.0234243;ПродуктСО423;137,0234243;1;0;Конвиниенс
1911117480;Магнит Мамина;55,17337036;61,48233414;142.9960549;ПродуктСО423;142,9960549;1;0;Конвиниенс
2,9879E+14;Магнит Губерния;55,1733514;61,551452;225.3122106;ПродуктСО433;225,3122106;1;0;Конвиниенс
2,9879E+14;Магнит Церемония;55,17580418;61,45600475;71.31441815;ПродуктСО423;116,5583515;0;0.634428977;Конвиниенс
2,9879E+14;Магнит Ланской;55,19419675;61,48093675;164.6865163;ПродуктСО543;164,6865163;1;0;Конвиниенс
2,9879E+14;Магнит Деляна;55,1836907;61,4575595;52.94191839;ПродуктСО423;87,90942383;0;0.660488069;Конвиниенс
2,9879E+14;Магнит Флиппин;55,18836;61,46187;244.6855852;ПродуктСО422;244,6855852;1;0;Конвиниенс
2,9879E+14;Магнит Шлифовщик;55,18597;61,46877;179.9711828;ПродуктСО522;179,9711828;1;0;Конвиниенс
N*551751348;Магнит Литье;55,1675017;61,5234369;125.1854696;ПродуктСО424;125,1854696;1;0;Конвиниенс
N*551754219;Магнит Тапкана;55,16099151;61,45893045;103.9180354;ПродуктСО533;132,4588263;0;0.274647137;Конвиниенс
2,9452E+14;Магнит Салют;55,16848373;61,47025299;49.36949994;ПродуктСО423;84,33700538;0;0.70828154;Конвиниенс
2,9879E+14;Магнит Мураново;55,16115937;61,43961143;71.60639205;ПродуктСО423;116,5583515;0;0.627764619;Конвиниенс
2,9879E+14;Магнит Мотбодары;55,172085;61,527671;93.25979927;ПродуктСО424;108,1263075;0;0.15940961;Конвиниенс
N*55175230;Магнит Тулон;55,17869484;61,4610227;40.80841451;ПродуктСО513;70,45855286;0;0.726569231;Конвиниенс
N*551753002;Магнит Идалия;55,1709585;61,5366813;109.1379426;ПродуктСО433;120,0517368;0;0.1;Конвиниенс
2,9879E+14;Пятёрочка;55,170429;61,311186;67.99670215;ПродуктСО413;82,35002502;0;0.211088515;Конвиниенс
2,9879E+14;Пятёрочка;55,17802429;61,30909348;81.23872381;ПродуктСО413;82,35002502;0;0.013679452;Конвиниенс
2,9879E+14;Пятёрочка;55,1792084;61,3095555;80.67276076;ПродуктСО423;116,5583515;0;0.44482909;Конвиниенс
2,9879E+14;Пятёрочка;55,155191;61,301601;40.96198323;ПродуктСО502;57,42162076;0;0.401827163;Конвиниенс
2,9879E+14;Пятёрочка;55,172213;61,366343;34.34923115;ПродуктСО412;58,85317097;0;0.713376661;Конвиниенс
2,9879E+14;Пятёрочка;55,174388;61,337462;27.01226423;ПродуктСО403;27,01226423;1;0;Конвиниенс
2,9452E+14;Магнит Кашемир;55,1894243;61,31705091;248.313037;ПродуктСО533;248,313037;1;0;Конвиниенс
2,9879E+14;Магнит Локализация;55,177303;61,36354;210.6199615;ПродуктСО523;210,6199615;1;0;Конвиниенс
2,9879E+14;Магнит Пирлсити;55,1824;61,331722;116.4562784;ПродуктСО433;120,0517368;0;0.030873891;Конвиниенс
2,9879E+14;Магнит Докучаевск;55,1845;61,337929;91.18921722;ПродуктСО523;112,8544541;0;0.237585512;Конвиниенс
6822164;Магнит Лилейный;55,18531224;61,33918016;89.32938548;ПродуктСО533;132,4588263;0;0.482813584;Конвиниенс
96812670;Магнит Каширинский;55,17815482;61,31311908;75.05998092;ПродуктСО423;116,5583515;0;0.552869453;Конвиниенс
N*551751043;Магнит Бирка;55,1715702;61,2997015;110.5503391;ПродуктСО433;120,0517368;0;0.085946346;Конвиниенс
2,9452E+14;Магнит Лондон;55,16294577;61,30056791;52.38781329;ПродуктСО503;52,38781329;1;0;Конвиниенс
2,9452E+14;Магнит Феррит;55,16383666;61,29670984;35.91380972;ПродуктСО503;50,23471114;0;0.398757512;Конвиниенс
2,9879E+14;Магнит Ракушник;55,1649;61,286068;51.5453511;ПродуктСО503;51,5453511;1;0;Конвиниенс
2,9879E+14;Магнит Щербакты;55,179226;61,35203;50.00934624;ПродуктСО423;84,97685168;0;0.699219407;Конвиниенс
N*551752083;Магнит Эладио;55,16290266;61,38841694;54.87711981;ПродуктСО423;89,84462525;0;0.637196441;Конвиниенс
2,9452E+14;Магнит Артуа;55,18208313;61,43535233;125.6022071;ПродуктСО523;125,6022071;1;0;Конвиниенс
2,9452E+14;Магнит Радхан;55,18031311;61,4283371;275.7372575;ПродуктСО523;275,7372575;1;0;Конвиниенс
2,94521E+14;Магнит Ончетта;55,17483652;61,41640663;243.204503;ПродуктСО423;243,204503;1;0;Конвиниенс
2,9879E+14;Магнит Тиник;55,1635673;61,4215964;86.91837693;ПродуктСО432;103,2690948;0;0.188115775;Конвиниенс
2,9879E+14;Магнит Голова;55,1630383;61,4111925;67.9097138;ПродуктСО422;74,70068518;0;0.1;Конвиниенс
2,9879E+14;Магнит Пионерка;55,03615901;61,36921585;102.7788196;ПродуктСО523;112,8544541;0;0.098032207;Конвиниенс
2,9879E+14;Магнит Титония;55,1852823;61,4200258;86.50364554;ПродуктСО523;112,8544541;0;0.304620787;Конвиниенс
2,9879E+14;Магнит Периодика;55,17193453;61,41615886;110.9463418;ПродуктСО513;110,9463418;1;0;Конвиниенс
2,9879E+14;Магнит Челяба;55,18622;61,43587;117.750805;ПродуктСО523;117,750805;1;0;Конвиниенс
2,9879E+14;Магнит Новыйузень;55,17989;61,43552;84.43591939;ПродуктСО513;98,83379452;0;0.170518368;Конвиниенс
N*551752822;Магнит Лиондор;55,1761888;61,4279018;152.2883836;ПродуктСО523;152,2883836;1;0;Конвиниенс
N*551754255;Магнит Лежак;55,1693227;61,4157383;78.166488;ПродуктСО523;112,8544541;0;0.443770303;Конвиниенс
2,9879E+14;Пятёрочка;55,25767;61,402195;66.49808141;ПродуктСО413;82,35002502;0;0.23838197;Конвиниенс
1911062534;Магнит Румянцева;55,25135422;61,38030243;164.3793943;ПродуктСО423;164,3793943;1;0;Конвиниенс
2,9879E+14;Магнит Прасковья;55,245555;61,3970171;122.3909594;ПродуктСО523;122,3909594;1;0;Конвиниенс
2,9879E+14;Магнит Трапезарь;55,250544;61,3972366;101.4528278;ПродуктСО523;112,8544541;0;0.112383525;Конвиниенс
2,9879E+14;Магнит Шарлоттхарбор;55,246216;61,387856;198.4674089;ПродуктСО523;198,4674089;1;0;Конвиниенс
2,9879E+14;Магнит Эмметсбург;55,253212;61,380184;128.320134;ПродуктСО523;128,320134;1;0;Конвиниенс
2,9452E+14;Магнит Астрофитум;55,24876189;61,39969908;45.13553833;ПродуктСО423;80,10304377;0;0.774722242;Конвиниенс
2,9879E+14;Магнит Боков;55,18016589;61,29652642;146.8909227;ПродуктСО423;146,8909227;1;0;Конвиниенс
2,9879E+14;Магнит Сереброполь;55,178933;61,286779;217.5557712;ПродуктСО533;217,5557712;1;0;Конвиниенс
2,9452E+14;Магнит Руно;55,18154118;61,3047452;81.31602233;ПродуктСО423;116,5583515;0;0.43339957;Конвиниенс
2,9879E+14;Магнит Снежок;55,17793632;61,29793417;86.26358536;ПродуктСО423;116,5583515;0;0.351188349;Конвиниенс
2,9879E+14;Магнит Землевладелица;55,18767101;61,286694;91.49900414;ПродуктСО533;132,4588263;0;0.447653202;Конвиниенс
2,9879E+14;Магнит Рукель;55,18517;61,302967;76.8739231;ПродуктСО433;120,0517368;0;0.561670486;Конвиниенс
2,9879E+14;Магнит Тальник;55,16861698;61,28118441;38.5444853;ПродуктСО502;57,42162076;0;0.48974932;Конвиниенс
2,9879E+14;Магнит Антифраз;55,17113626;61,29574723;88.5617793;ПродуктСО503;88,5617793;1;0;Конвиниенс
2,9879E+14;Магнит Фаджоли;55,169663;61,278496;32.8892028;ПродуктСО502;57,42162076;0;0.745910994;Конвиниенс
682204;Магнит Гламурный;55,183991;61,29395093;123.1457407;ПродуктСО443;153,2682432;0;0.244608562;Конвиниенс
2,9879E+14;Пятёрочка Х5;55,18641663;61,39374161;134.1412826;ПродуктСО533;134,1412826;1;0;Конвиниенс
2,9879E+14;Пятёрочка;55,158009;61,398978;68.79296315;ПродуктСО514;98,11505732;0;0.426236825;Конвиниенс
2,9879E+14;Пятёрочка;55,1792601;61,398557;49.72586763;ПродуктСО503;50,23471114;0;0.010232974;Конвиниенс
2,9879E+14;Магнит Катонсвилл;55,1843;61,37911;154.8518347;ПродуктСО543;154,8518347;1;0;Конвиниенс
1911017537;Магнит Водолей;55,1797756;61,4046535;87.39296736;ПродуктСО523;112,8544541;0;0.291344802;Конвиниенс
2,9879E+14;Магнит Гленко;55,18720991;61,4014037;120.92328;ПродуктСО523;120,92328;1;0;Конвиниенс
2,9452E+14;Магнит Теплотех;55,18494625;61,40033023;36.78339307;ПродуктСО503;50,23471114;0;0.365689974;Конвиниенс
2,9879E+14;Магнит Ньюри;55,1650715;61,4008526;45.61521248;ПродуктСО513;75,26535083;0;0.650005486;Конвиниенс
2,9879E+14;Магнит;55,157222;61,376763;31.03581784;ПродуктСО503;50,23471114;0;0.618604394;Конвиниенс
2,9452E+14;Магнит Кедровый;55,28779221;61,51612091;186.3520371;ПродуктСО521;186,3520371;1;0;Конвиниенс
2,94521E+14;Магнит Пярну;55,248193;61,390146;121.0388865;ПродуктСО423;121,0388865;1;0;Конвиниенс
2,9879E+14;Магнит Перебой;55,25870225;61,40193131;97.46785836;ПродуктСО523;112,8544541;0;0.157863279;Конвиниенс
2,9879E+14;Магнит Освободительница;55,2472198;61,3741816;103.5273078;ПродуктСО533;132,4588263;0;0.279457846;Конвиниенс
682203;Магнит Довиль;55,25865173;61,37677383;124.5891492;ПродуктСО533;132,4588263;0;0.063165028;Конвиниенс
6822124;Магнит Муссон;55,26176794;61,39725499;117.9541541;ПродуктСО523;117,9541541;1;0;Конвиниенс
682287;Магнит Утиве;55,2584264;61,3847861;138.2081311;ПродуктСО523;138,2081311;1;0;Конвиниенс
2,9879E+14;Магнит Поддев;55,264282;61,389385;108.4243375;ПродуктСО533;132,4588263;0;0.221670608;Конвиниенс
N*551753080;Магнит Баринас;55,24124482;61,37486617;147.4381494;ПродуктСО523;147,4381494;1;0;Конвиниенс
2,9879E+14;Пятёрочка;55,194409;61,338459;22.76296801;ПродуктСО503;37,83338135;0;0.662058363;Конвиниенс
2,9879E+14;Магнит Эльмсфорд;55,190105;61,331364;102.6545123;ПродуктСО543;123,173728;0;0.199886154;Конвиниенс
2,9879E+14;Магнит Ракитовая;55,201998;61,320546;269.0268368;ПродуктСО433;269,0268368;1;0;Конвиниенс
682280;Магнит Корсика;55,1946616;61,3470783;153.258164;ПродуктСО533;153,258164;1;0;Конвиниенс
N*55175383;Магнит Скрепка;55,19983292;61,32474899;176.0423988;ПродуктСО433;176,0423988;1;0;Конвиниенс
2,9452E+14;Магнит Алансон;55,19824219;61,33824539;109.989673;ПродуктСО533;132,4588263;0;0.204284208;Конвиниенс
2,9452E+14;Магнит Лордерон;55,19379044;61,34231186;75.48423172;ПродуктСО523;112,8544541;0;0.49507323;Конвиниенс
2,9879E+14;Магнит Ириомотэ;55,19432505;61,35740777;103.5544747;ПродуктСО523;112,8544541;0;0.089807606;Конвиниенс
2,9879E+14;Магнит Фондан;55,1944115;61,3141785;175.7839428;ПродуктСО423;175,7839428;1;0;Конвиниенс
2,9452E+14;Магнит Саверн;55,18032074;61,38769531;45.91447559;ПродуктСО503;50,23471114;0;0.094093104;Конвиниенс
2,9879E+14;Магнит Бестиарий;55,1915998;61,37753975;93.83475359;ПродуктСО423;116,5583515;0;0.242166117;Конвиниенс
6822230;Магнит Агасфер;55,1891042;61,3865204;30.40261065;ПродуктСО503;50,23471114;0;0.652315708;Конвиниенс
2,9452E+14;Магнит Цефей;55,12244866;61,46944765;131.2595535;ПродуктСО423;131,2595535;1;0;Конвиниенс
2,9452E+14;Магнит Изола;55,12105152;61,46963557;142.4898421;ПродуктСО423;142,4898421;1;0;Конвиниенс
2,9879E+14;Магнит Актуру;55,1232354;61,465769;145.7272902;ПродуктСО423;145,7272902;1;0;Конвиниенс
2,9879E+14;Магнит Фирозабад;55,121088;61,51328;83.26137424;ПродуктСО423;116,5583515;0;0.399909052;Конвиниенс
N*551753157;Магнит Горелов;55,12230107;61,51459037;117.4796447;ПродуктСО423;117,4796447;1;0;Конвиниенс
2,9879E+14;Пятерочка Х5;55,14434323;61,41350716;100.2703484;ПродуктСО533;132,4588263;0;0.321016915;Конвиниенс
2,9879E+14;Магнит Арриба;55,14092267;61,42391045;44.18320296;ПродуктСО503;50,23471114;0;0.136963999;Конвиниенс
2,9879E+14;Магнит Назначение;55,14055994;61,43308982;139.5980937;ПродуктСО523;139,5980937;1;0;Конвиниенс
2,9879E+14;Магнит Змееборец;55,15240304;61,409913;75.75078533;ПродуктСО522;107,8619653;0;0.423905572;Конвиниенс
2,9879E+14;Магнит Подношение;55,155319;61,366307;68.22555955;ПродуктСО513;98,83379452;0;0.448632964;Конвиниенс
2,9879E+14;Магнит Передерживание;55,145998;61,411546;101.5437929;ПродуктСО523;112,8544541;0;0.111387027;Конвиниенс
2,9879E+14;Пятёрочка;55,206796;61,284326;81.51610473;ПродуктСО513;98,83379452;0;0.212445011;Конвиниенс
N295629;Пятерочка-5568;55,23429871;61,30121994;100.0212421;ПродуктСО513;100,0212421;1;0;Конвиниенс
2,9879E+14;Магнит Огнеполье;55,20898;61,308087;66.65230924;ПродуктСО423;116,5583515;0;0.748751886;Конвиниенс
2,9879E+14;Магнит Сословие;55,2183515;61,2978312;131.8413129;ПродуктСО523;131,8413129;1;0;Конвиниенс
2,9879E+14;Магнит Россошанский;55,240018;61,3099775;155.271318;ПродуктСО522;155,271318;1;0;Конвиниенс
2,9879E+14;Магнит Учкуприк;55,234974;61,29846;141.4161354;ПродуктСО423;141,4161354;1;0;Конвиниенс
2,9879E+14;Магнит Кулверсити;55,21800613;61,29005051;144.2738539;ПродуктСО533;144,2738539;1;0;Конвиниенс
2,9879E+14;Магнит Хорнема;55,217249;61,301044;132.4045567;ПродуктСО543;132,4045567;1;0;Конвиниенс
6822269;Магнит Савка;55,20846833;61,30326745;105.7651374;ПродуктСО423;116,5583515;0;0.102048883;Конвиниенс
2,9452E+14;Магнит Бейвеля;55,19141219;61,27955193;57.61581857;ПродуктСО543;94,56793697;0;0.6413537;Конвиниенс
2,9879E+14;Магнит Гумма;55,18948803;61,27654116;20.18765439;ПродуктСО503;35,25806773;0;0.746516314;Конвиниенс
N*551754194;Магнит Гайтан;55,2348818;61,3030774;93.19392109;ПродуктСО433;120,0517368;0;0.288192786;Конвиниенс
N*551754264;Магнит Лайфстронг;55,17786485;61,25907931;50.83984192;ПродуктСО523;84,69617815;0;0.665941021;Конвиниенс
2,9879E+14;ТС Пятерочка;55,165678;61,531543;212.5183456;ПродуктСО414;212,5183456;1;0;Конвиниенс
2,9879E+14;ТС Пятерочка;55,113364;61,458743;71.64038465;ПродуктСО513;98,83379452;0;0.379582131;Конвиниенс
2,9879E+14;ТС Пятерочка;55,171879;61,441963;57.77588355;ПродуктСО414;84,52185922;0;0.462926294;Конвиниенс
2,9879E+14;Магнит Дакапо;55,039445;61,377823;66.3010973;ПродуктСО513;98,83379452;0;0.490681128;Конвиниенс
2,9879E+14;Пятерочка Х5;55,14778236;61,41622692;58.79446632;ПродуктСО513;98,83379452;0;0.681005045;Конвиниенс
1911017540;Магнит Белорецкий;55,12310407;61,36724845;123.2670534;ПродуктСО423;123,2670534;1;0;Конвиниенс
2,9452E+14;Магнит Камень;55,11715574;61,35495236;152.4059192;ПродуктСО433;152,4059192;1;0;Конвиниенс
2,9879E+14;Магнит Коммунарск;55,11353;61,346573;100.9938256;ПродуктСО443;153,2682432;0;0.517600133;Конвиниенс
2,9879E+14;Магнит;55,126452;61,365902;67.95396434;ПродуктСО423;116,5583515;0;0.715254623;Конвиниенс
2,9879E+14;Магнит;55,13566;61,39349;98.05633208;ПродуктСО522;107,8619653;0;0.1;Конвиниенс
N*551754191;Магнит Негелия;55,1144559;61,3479182;85.06164997;ПродуктСО433;120,0517368;0;0.411349731;Конвиниенс
2,9879E+14;Магнит Выработка;55,14716082;61,41283628;36.59111717;ПродуктСО503;50,23471114;0;0.372866286;Конвиниенс
2,9879E+14;Магнит Долгодеревенское;55,112206;61,363935;193.1596899;ПродуктСО523;193,1596899;1;0;Конвиниенс
N*55175159;Магнит Бургац;55,121227;61,3755415;77.40300007;ПродуктСО433;120,0517368;0;0.550995914;Конвиниенс
2,9452E+14;Монетка;55,24214939;61,37620972;66.17243423;ПродуктСО413;82,35002502;0;0.244476284;Конвиниенс
2,9452E+14;Монетка;55,12467343;61,43456217;44.75022972;ПродуктСО503;50,23471114;0;0.122557615;Конвиниенс
2,9879E+14;Монетка;55,17813154;61,336338;96.76722773;ПродуктСО413;96,76722773;1;0;Конвиниенс
2,9879E+14;Монетка;55,17513712;61,32654089;24.39222566;ПродуктСО503;39,462639;0;0.617836747;Конвиниенс
2,9879E+14;Монетка;55,03802153;61,36958276;22.47434009;ПродуктСО503;37,54475343;0;0.670560883;Конвиниенс
2,9879E+14;Монетка;55,16083146;61,4046723;8.812592891;ПродуктСО403;8,812592891;1;0;Конвиниенс
2,9879E+14;Монетка;55,19491798;61,33384719;65.7107758;ПродуктСО413;82,35002502;0;0.253219491;Конвиниенс
2,9879E+14;Монетка;55,1654919;61,4597859;44.3006964;ПродуктСО513;73,95083476;0;0.669292828;Конвиниенс
2,9879E+14;Монетка;55,16668511;61,2943256;26.1709775;ПродуктСО412;43,82692879;0;0.674638587;Конвиниенс
2,9879E+14;Монетка;55,19477728;61,30900159;33.78253451;ПродуктСО413;58,48754201;0;0.731295264;Конвиниенс
2,9879E+14;Монетка;55,19601543;61,48415018;58.65127035;ПродуктСО513;98,83379452;0;0.685109187;Конвиниенс
2,9879E+14;Монетка;55,1595087;61,41614388;49.38700722;ПродуктСО503;50,23471114;0;0.017164513;Конвиниенс
2,9879E+14;Монетка;55,184042;61,404952;125.9926135;ПродуктСО413;125,9926135;1;0;Конвиниенс
2,9879E+14;Монетка;55,130503;61,452733;47.71177129;ПродуктСО503;50,23471114;0;0.052878772;Конвиниенс
2,9879E+14;Монетка;55,142607;61,389815;19.75730963;ПродуктСО503;34,82772297;0;0.762776594;Конвиниенс
2,9879E+14;Монетка;55,1730893;61,3599807;13.0460719;ПродуктСО411;14,35067909;0;0.1;Конвиниенс
2,9879E+14;Монетка;55,165678;61,531543;33.7528259;ПродуктСО504;45,45605367;0;0.346733272;Конвиниенс
N*55056000;Монетка;55,1434938;61,44680277;18.59445959;ПродуктСО504;32,23127569;0;0.733380609;Конвиниенс
N*55056012;Монетка;55,16917385;61,52944498;17.17536475;ПродуктСО504;30,81218085;0;0.793975342;Конвиниенс
N*55056013;Монетка;55,18834904;61,27573873;37.24530246;ПродуктСО413;61,95030996;0;0.663305327;Конвиниенс
N125164317;Монетка;55,120887;61,432881;29.77243043;ПродуктСО503;50,23471114;0;0.687289563;Конвиниенс
2,9879E+14;Пятерочка;55,11882244;61,45641379;124.4143511;ПродуктСО423;124,4143511;1;0;Конвиниенс
2,9879E+14;Пятерочка;55,118617;61,459488;248.6940338;ПродуктСО433;248,6940338;1;0;Конвиниенс
N12166800;Пятерочка;55,10505933;61,48856007;151.2455666;ПродуктСО414;151,2455666;1;0;Конвиниенс
1911017559;Пятерочка;55,1315824;61,4342084;72.7879492;ПродуктСО513;98,83379452;0;0.357831834;Конвиниенс
2,9879E+14;Пятерочка;55,117134;61,422272;119.877977;ПродуктСО504;119,877977;1;0;Конвиниенс
1911017555;Пятерочка;55,17729549;61,45871453;121.3079205;ПродуктСО523;121,3079205;1;0;Конвиниенс
1911019465;Пятерочка;55,1661218;61,4595558;98.32675988;ПродуктСО413;98,32675988;1;0;Конвиниенс
N29561743;Пятерочка;55,17964291;61,46042726;62.47387128;ПродуктСО413;82,35002502;0;0.318151466;Конвиниенс
N295625;Пятерочка;55,16720906;61,44673973;77.80691002;ПродуктСО514;98,11505732;0;0.261006989;Конвиниенс
2,94521E+14;Пятерочка;55,1892139;61,3252963;126.8628119;ПродуктСО513;126,8628119;1;0;Конвиниенс
2,94521E+14;Пятерочка;55,18746908;61,33205619;97.39034696;ПродуктСО513;98,83379452;0;0.014821259;Конвиниенс
N12166834;Пятерочка;55,17540153;61,34707153;258.3032107;ПродуктСО423;258,3032107;1;0;Конвиниенс
2,9879E+14;Пятерочка;55,17560094;61,33507732;113.6953529;ПродуктСО413;113,6953529;1;0;Конвиниенс
2,9879E+14;Пятерочка;55,17995641;61,32010594;75.42487612;ПродуктСО413;82,35002502;0;0.091815184;Конвиниенс
2,9452E+14;Пятерочка;55,18099976;61,33360291;69.66001668;ПродуктСО413;82,35002502;0;0.182170619;Конвиниенс
2,9879E+14;Пятерочка;55,15104333;61,36812667;75.03761433;ПродуктСО513;98,83379452;0;0.317123357;Конвиниенс
2,9879E+14;Пятерочка;55,179317;61,323143;56.9457807;ПродуктСО423;91,91328614;0;0.614049101;Конвиниенс
96798118;Пятерочка;55,16407013;61,2976265;52.88391629;ПродуктСО503;52,88391629;1;0;Конвиниенс
N29561733;Пятерочка;55,1770402;61,33219705;48.39384908;ПродуктСО413;82,35002502;0;0.701663054;Конвиниенс
N29561841;Пятерочка;55,15428581;61,25423784;75.64448886;ПродуктСО410;111,1656764;0;0.46958064;Конвиниенс
N295619;Пятерочка;55,1628203;61,2923407;39.71967069;ПродуктСО504;45,45605367;0;0.144421715;Конвиниенс
2,9452E+14;Пятерочка;55,1777218;61,4489707;123.3915796;ПродуктСО513;123,3915796;1;0;Конвиниенс
2,9879E+14;Пятерочка;55,16031585;61,42540544;82.83981942;ПродуктСО412;82,83981942;1;0;Конвиниенс
2,9879E+14;Пятерочка;55,11372;61,358974;128.6536249;ПродуктСО413;128,6536249;1;0;Конвиниенс
2,9879E+14;Пятерочка;55,17706169;61,43735703;89.49268059;ПродуктСО423;116,5583515;0;0.302434464;Конвиниенс
1911017499;Пятерочка;55,24135152;61,3788205;140.36223;ПродуктСО513;140,36223;1;0;Конвиниенс
2,94521E+14;Пятерочка;55,24444235;61,37259795;171.9798522;ПродуктСО513;171,9798522;1;0;Конвиниенс
2,9452E+14;Пятерочка;55,2488377;61,40072376;43.56665531;ПродуктСО513;73,21679367;0;0.680569535;Конвиниенс
1911017505;Пятерочка;55,25886063;61,39072951;62.5897742;ПродуктСО413;82,35002502;0;0.315710531;Конвиниенс
2,9452E+14;Пятерочка;55,1727083;61,29326172;114.9656239;ПродуктСО513;114,9656239;1;0;Конвиниенс
2,9452E+14;Пятерочка;55,18352915;61,2921771;148.9051527;ПродуктСО413;148,9051527;1;0;Конвиниенс
2,9452E+14;Пятерочка;55,18650456;61,29983146;112.138176;ПродуктСО513;112,138176;1;0;Конвиниенс
2,9452E+14;Пятерочка;55,1881811;61,27582468;47.42908263;ПродуктСО513;77,07922098;0;0.625146782;Конвиниенс
2,9452E+14;Пятерочка;55,1950184;61,3029577;70.91434766;ПродуктСО413;82,35002502;0;0.161260418;Конвиниенс
2,9452E+14;Пятерочка;55,19063214;61,29532769;48.97924079;ПродуктСО513;78,62937915;0;0.60536133;Конвиниенс
2,9879E+14;Пятерочка;55,18657558;61,28400408;71.23611012;ПродуктСО513;98,83379452;0;0.387411446;Конвиниенс
2,9879E+14;Пятерочка;55,1859433;61,2969066;48.47598675;ПродуктСО513;78,12612511;0;0.611645896;Конвиниенс
N295614;Пятерочка;55,1750347;61,3026445;60.37691801;ПродуктСО413;82,35002502;0;0.36393224;Конвиниенс
2,9879E+14;Пятерочка;55,1764475;61,2998177;47.58449948;ПродуктСО413;82,35002502;0;0.730606099;Конвиниенс
2,9879E+14;Пятерочка;55,159948;61,4024284;51.67359617;ПродуктСО512;89,79121536;0;0.737661437;Конвиниенс
N12166809;Пятерочка;55,1880699;61,41294088;71.03741815;ПродуктСО513;98,83379452;0;0.391292041;Конвиниенс
1911017500;Пятерочка;55,24416435;61,38774555;295.2104074;ПродуктСО413;295,2104074;1;0;Конвиниенс
2,94521E+14;Пятерочка;55,18733605;61,44150238;279.488956;ПродуктСО523;279,488956;1;0;Конвиниенс
2,9879E+14;Пятерочка;55,251105;61,390534;119.8951601;ПродуктСО513;119,8951601;1;0;Конвиниенс
N295611;Пятерочка;55,24090347;61,39541801;206.7831447;ПродуктСО523;206,7831447;1;0;Конвиниенс
N29561732;Пятерочка;55,26388911;61,38904542;155.0986405;ПродуктСО513;155,0986405;1;0;Конвиниенс
2,9879E+14;Пятерочка;55,25420966;61,39790318;107.891188;ПродуктСО513;107,891188;1;0;Конвиниенс
1911017493;Пятерочка;55,19910486;61,31838574;145.9319945;ПродуктСО423;145,9319945;1;0;Конвиниенс
1911017496;Пятерочка;55,19495582;61,34154819;129.8836474;ПродуктСО513;129,8836474;1;0;Конвиниенс
2,9452E+14;Пятерочка;55,19477306;61,33196231;90.61337718;ПродуктСО513;98,83379452;0;0.090719688;Конвиниенс
2,9452E+14;Пятерочка;55,1946215;61,32222053;89.17249983;ПродуктСО513;98,83379452;0;0.108343881;Конвиниенс
2,9879E+14;Пятерочка;55,19747575;61,31863372;76.05873039;ПродуктСО413;82,35002502;0;0.082716272;Конвиниенс
N2956704;Пятерочка;55,19177138;61,34797644;86.87645774;ПродуктСО513;98,83379452;0;0.1376361;Конвиниенс
N12166840;Пятерочка;55,19469996;61,35318831;78.18354907;ПродуктСО523;112,8544541;0;0.443455247;Конвиниенс
2,9452E+14;Пятерочка;55,15000016;61,38640242;95.14509775;ПродуктСО513;98,83379452;0;0.038769173;Конвиниенс
2,9452E+14;Пятерочка;55,12166215;61,50525413;137.8572239;ПродуктСО423;137,8572239;1;0;Конвиниенс
2,9452E+14;Пятерочка;55,1244738;61,46777367;196.5177334;ПродуктСО423;196,5177334;1;0;Конвиниенс
N12166804;Пятерочка;55,12069432;61,51094176;263.6285072;ПродуктСО523;263,6285072;1;0;Конвиниенс
2,9879E+14;Пятерочка;55,12727;61,471786;50.84368098;ПродуктСО413;82,35002502;0;0.619670792;Конвиниенс
2,9452E+14;Пятерочка;55,15492505;61,40882839;71.20206482;ПродуктСО512;89,79121536;0;0.261076004;Конвиниенс
N12166830;Пятерочка;55,15754957;61,40970346;37.01529647;ПродуктСО503;50,23471114;0;0.357133832;Конвиниенс
2,9452E+14;Пятерочка;55,14675347;61,41211711;63.71294179;ПродуктСО513;98,83379452;0;0.551235773;Конвиниенс
2,9879E+14;Пятерочка;55,1433327;61,447964;91.46082882;ПродуктСО414;91,46082882;1;0;Конвиниенс
2,9879E+14;Пятерочка;55,2134919;61,2839387;143.8755137;ПродуктСО513;143,8755137;1;0;Конвиниенс
2,9879E+14;Пятерочка;55,17789663;61,26247097;168.747052;ПродуктСО513;168,747052;1;0;Конвиниенс
2,9879E+14;Пятерочка;55,211399;61,300712;128.6557304;ПродуктСО413;128,6557304;1;0;Конвиниенс
2,9879E+14;Пятерочка;55,2097482;61,2837695;65.19904378;ПродуктСО413;82,35002502;0;0.263055718;Конвиниенс
2,9452E+14;Пятерочка;55,20902905;61,29359297;57.08640503;ПродуктСО413;82,35002502;0;0.442550551;Конвиниенс
2,9879E+14;Пятерочка;55,17214286;61,28158942;25.32668388;ПродуктСО502;42,5531701;0;0.680171408;Конвиниенс
2,9879E+14;Пятерочка;55,20979808;61,28970511;60.65505372;ПродуктСО413;82,35002502;0;0.357677885;Конвиниенс
2,9879E+14;Пятерочка;55,1717197;61,2559662;48.92932522;ПродуктСО503;50,23471114;0;0.026679009;Конвиниенс
2,9879E+14;Пятерочка;55,192482;61,2898;39.15776115;ПродуктСО513;68,80789951;0;0.757196977;Конвиниенс
2,9879E+14;Пятерочка;55,206796;61,284326;108.1258189;ПродуктСО523;112,8544541;0;0.043732711;Конвиниенс
N295602;Пятерочка;55,20906057;61,281267;37.15414481;ПродуктСО513;66,80428317;0;0.798030435;Конвиниенс
2,94521E+14;Пятерочка;55,14735715;61,37190618;69.61172233;ПродуктСО523;112,8544541;0;0.621198993;Конвиниенс
2,9879E+14;Пятерочка;55,14267232;61,40077807;42.59896368;ПродуктСО522;74,95755327;0;0.759609784;Конвиниенс
2,9879E+14;Пятерочка;55,14863051;61,37680785;46.47024712;ПродуктСО523;80,32658335;0;0.728559419;Конвиниенс
2,9879E+14;Пятерочка;55,1113253;61,3379282;86.31992561;ПродуктСО413;86,31992561;1;0;Конвиниенс
2,9879E+14;Пятерочка;55,06597638;61,26643561;98.21778361;ПродуктСО511;136,1789013;0;0.386499433;Конвиниенс
2,9879E+14;Пятерочка;55,1139934;61,343142;96.25590372;ПродуктСО403;96,25590372;1;0;Конвиниенс
2,9879E+14;Пятерочка;55,146984;61,380077;66.81770487;ПродуктСО513;98,83379452;0;0.479155782;Конвиниенс
2,9879E+14;Моя Цена Лобановка;55,189106;61,368103;97.18130436;ПродуктСО503;97,18130436;1;0;Жесткие Дискаунтеры
2,9879E+14;Моя Цена Печнева;55,0739409;61,4849437;183.5467191;ПродуктСО501;183,5467191;1;0;Жесткие Дискаунтеры
2,9879E+14;Моя Цена Панипат;55,249775;61,378498;129.8018394;ПродуктСО503;129,8018394;1;0;Жесткие Дискаунтеры
2,9879E+14;Моя Цена Кокошеевка;55,264877;61,396355;62.88717623;ПродуктСО503;62,88717623;1;0;Жесткие Дискаунтеры
2,9879E+14;Моя Цена Бабинская;55,271677;61,39879;119.5774666;ПродуктСО503;119,5774666;1;0;Жесткие Дискаунтеры
2,9879E+14;Моя Цена Тарантаево;55,236186;61,359066;187.2316933;ПродуктСО501;187,2316933;1;0;Жесткие Дискаунтеры
6822231;Моя Цена Додрио;55,2557473;61,3973445;56.47616681;ПродуктСО503;56,47616681;1;0;Жесткие Дискаунтеры
2,9879E+14;Моя Цена Жеверли;55,17639733;61,33392535;96.06708909;ПродуктСО503;96,06708909;1;0;Жесткие Дискаунтеры
2,9879E+14;Моя Цена Сейджи;55,194637;61,30251;46.38929477;ПродуктСО503;50,23471114;0;0.082894478;Жесткие Дискаунтеры
2,9879E+14;Моя Цена Городково;55,188134;61,312201;241.1290274;ПродуктСО503;241,1290274;1;0;Жесткие Дискаунтеры
2,9879E+14;Моя Цена Вытва;55,168655;61,423298;96.5809727;ПродуктСО503;96,5809727;1;0;Жесткие Дискаунтеры
2,9879E+14;Маяк_Ритейлсервис 42;55,189453;61,46585;65.75780523;ПродуктСО603;74,85097458;0;0.138282738;Жесткие Дискаунтеры
2,9879E+14;Доброцен;55,232839;61,374413;180.5275888;ПродуктСО603;180,5275888;1;0;Жесткие Дискаунтеры
2,9879E+14;Доброцен;55,1172554;61,3590375;77.74330633;ПродуктСО603;77,74330633;1;0;Жесткие Дискаунтеры
2,9879E+14;Доброцен;55,0673206;61,3989893;245.1797869;ПродуктСО601;245,1797869;1;0;Жесткие Дискаунтеры
2,9879E+14;Доброцен;55,18114853;61,25105667;110.529374;ПродуктСО602;183,9459271;0;0.664226625;Жесткие Дискаунтеры
2,9879E+14;"ООО ""ПВ-Средний Урал""";55,19623947;61,43775177;170.6133398;ПродуктСО501;170,6133398;1;0;Жесткие Дискаунтеры
N*55154101;Доброцен;55,12892721;61,46623001;91.33611539;ПродуктСО603;91,33611539;1;0;Жесткие Дискаунтеры
2,9879E+14;ООО«Ритейлсервис 42»;55,263773;61,405797;68.58294262;ПродуктСО503;68,58294262;1;0;Жесткие Дискаунтеры
2,9452E+14;Светофор;55,25265121;61,36972427;259.2166822;ПродуктСО603;259,2166822;1;0;Жесткие Дискаунтеры
2,9452E+14;Светофор;55,16730826;61,46983255;99.81291999;ПродуктСО603;99,81291999;1;0;Жесткие Дискаунтеры
2,9879E+14;Моя Цена Реуха;55,1279;61,469154;20.74340088;ПродуктСО503;35,81381422;0;0.726516034;Жесткие Дискаунтеры
2,9879E+14;Моя Цена Ирыхово;55,073484;61,401628;77.48979415;ПродуктСО503;77,48979415;1;0;Жесткие Дискаунтеры
N*551752657;Моя Цена Тройник;55,10446658;61,48806687;73.99840696;ПродуктСО504;73,99840696;1;0;Жесткие Дискаунтеры
2,9879E+14;Чижик;55,16865;61,528156;35.60936528;ПродуктСО504;45,45605367;0;0.276519627;Жесткие Дискаунтеры
2,9879E+14;Чижик;55,243644;61,409156;49.46081585;ПродуктСО503;50,23471114;0;0.015646634;Жесткие Дискаунтеры
2,9879E+14;Чижик;55,142231;61,424499;41.98176118;ПродуктСО503;50,23471114;0;0.196584177;Жесткие Дискаунтеры
2,9879E+14;Чижик;55,172604;61,416909;24.03654477;ПродуктСО503;39,10695811;0;0.626979189;Жесткие Дискаунтеры
2,9879E+14;Чижик;55,159115;61,417034;31.30834449;ПродуктСО503;50,23471114;0;0.604515089;Жесткие Дискаунтеры
2,9879E+14;Чижик;55,177086;61,29863;25.0431052;ПродуктСО503;40,11351855;0;0.601778942;Жесткие Дискаунтеры
2,9879E+14;Чижик;55,121309;61,511447;36.6857726;ПродуктСО503;50,23471114;0;0.369324062;Жесткие Дискаунтеры
2,9879E+14;Чижик;55,173443;61,48264;35.94717114;ПродуктСО503;50,23471114;0;0.39745937;Жесткие Дискаунтеры
2,9879E+14;Чижик;55,145992;61,432018;30.76840801;ПродуктСО503;50,23471114;0;0.632671769;Жесткие Дискаунтеры
2,9879E+14;Чижик;55,136602;61,451143;37.00394874;ПродуктСО503;50,23471114;0;0.357550014;Жесткие Дискаунтеры
2,9879E+14;Чижик;55,16702;61,421463;28.19761781;ПродуктСО503;50,23471114;0;0.781523229;Жесткие Дискаунтеры
2,9879E+14;Чижик;55,144022;61,447856;19.06672446;ПродуктСО504;32,70354056;0;0.71521546;Жесткие Дискаунтеры
2,9879E+14;Чижик;55,142926;61,39808;19.804355;ПродуктСО503;34,87476834;0;0.760964613;Жесткие Дискаунтеры
2,9879E+14;Чижик;55,18328;61,453857;19.40854886;ПродуктСО503;34,4789622;0;0.776483263;Жесткие Дискаунтеры
2,9879E+14;Чижик;55,178491;61,391639;42.35831855;ПродуктСО503;50,23471114;0;0.185946772;Жесткие Дискаунтеры
2,9879E+14;Чижик;55,13269;61,43388;20.65582737;ПродуктСО503;35,72624071;0;0.729596209;Жесткие Дискаунтеры
2,9879E+14;Чижик;55,187024;61,30028;22.84223212;ПродуктСО503;37,91264547;0;0.659760975;Жесткие Дискаунтеры
2,9879E+14;Чижик;55,19034;61,469704;45.44768268;ПродуктСО503;50,23471114;0;0.105330529;Жесткие Дискаунтеры
2,9879E+14;Чижик;55,1125259;61,3472332;42.92769962;ПродуктСО504;45,45605367;0;0.058897963;Жесткие Дискаунтеры
N*551754217;Магнит Челябинск 7 Салютная (а);55,1695979;61,4437268;101.6292168;ПродуктСО624;122,5506099;0;0.205860025;Гипермаркеты
N934657;Лента -154;55,17496059;61,37699191;376.96515;ПродуктСО543;376,96515;1;0;Гипермаркеты
6822264;Магнит Челябинск 3 Каслинская (а);55,19132899;61,39230531;272.4465692;ПродуктСО623;272,4465692;1;0;Гипермаркеты
2,9879E+14;Перекресток;55,1572899;61,3699953;52.45865047;ПродуктСО613;52,45865047;1;0;Супермаркеты
2,9879E+14;Лента;55,16393254;61,43202011;186.0674441;ПродуктСО633;186,0674441;1;0;Гипермаркеты
N*551754249;Магнит Челябинск 8 Энгельса (а);55,16061407;61,38203848;130.8005419;ПродуктСО612;143,880596;0;0.1;Гипермаркеты
N*551754216;Магнит Челябинск 6 Воровского (а);55,15707357;61,39437698;166.6683425;ПродуктСО634;183,3351768;0;0.1;Гипермаркеты
N1214852204;Перекресток;55,1924666;61,2817521;29.25815579;ПродуктСО613;42,36657094;0;0.448026022;Супермаркеты
2,9879E+14;ИП Орешкин;55,1985115;61,3052566;24.16499871;ПродуктЧрПрил203;38,73748728;0;0.603041148;Киоски
2,9879E+14;Красное и Белое;55,0735321;61,26456451;78.9655625;СпецАлко400;78,9655625;1;0;Алкомаркеты
2,9879E+14;Красное и Белое;55,19887543;61,33077621;123.7976533;СпецАлко403;123,7976533;1;0;Алкомаркеты
2,9879E+14;Красное и Белое;55,17808533;61,35573196;140.9485384;СпецАлко403;140,9485384;1;0;Алкомаркеты
2,9879E+14;Красное и Белое;55,21232605;61,28762817;78.11828979;СпецАлко403;114,1056401;0;0.460677651;Алкомаркеты
2,9879E+14;Красное и Белое;55,16026306;61,40080643;89.48937489;СпецАлко403;114,1056401;0;0.275074725;Алкомаркеты
2,9879E+14;Красное и Белое;55,18868637;61,27886581;86.18560855;СпецАлко403;114,1056401;0;0.323952363;Алкомаркеты
2,9879E+14;Красное и Белое;55,11785507;61,43596268;123.2318792;СпецАлко403;123,2318792;1;0;Алкомаркеты
2,9879E+14;Красное и Белое;55,1406517;61,41144943;144.2952823;СпецАлко403;144,2952823;1;0;Алкомаркеты
2,9879E+14;Красное и Белое;55,14075851;61,45357895;104.2988389;СпецАлко404;136,3945342;0;0.307728212;Алкомаркеты
2,9879E+14;Красное и Белое;55,174563;61,318705;45.58080133;СпецАлко403;79,81249334;0;0.751011194;Алкомаркеты
2,9879E+14;Красное и Белое;55,218805;61,294414;118.0599763;СпецАлко403;118,0599763;1;0;Алкомаркеты
2,9879E+14;Красное и Белое;55,261182;61,380437;90.05069253;СпецАлко403;114,1056401;0;0.267126736;Алкомаркеты
2,9879E+14;Красное и Белое;55,257236;61,402554;88.58312153;СпецАлко403;114,1056401;0;0.28811943;Алкомаркеты
2,9879E+14;Красное и Белое;55,145113;61,404368;80.93555179;СпецАлко403;114,1056401;0;0.409833349;Алкомаркеты
2,9879E+14;Красное и Белое;55,1592232;61,304959;74.11437238;СпецАлко403;114,1056401;0;0.539588563;Алкомаркеты
2,9879E+14;Красное и Белое;55,209159;61,297648;102.7401257;СпецАлко403;114,1056401;0;0.11062391;Алкомаркеты
2,9879E+14;Красное и Белое;55,173159;61,471868;114.1269244;СпецАлко403;114,1269244;1;0;Алкомаркеты
2,9879E+14;Красное и Белое;55,26465;61,40028;151.0980007;СпецАлко403;151,0980007;1;0;Алкомаркеты
2,9879E+14;Красное и Белое;55,15267;61,383995;53.66031701;СпецАлко403;87,89200903;0;0.637933093;Алкомаркеты
2,9879E+14;Красное и Белое;55,248943;61,40092;88.54401009;СпецАлко403;114,1056401;0;0.288688415;Алкомаркеты
2,9879E+14;Красное и Белое;55,206796;61,284326;112.2655597;СпецАлко403;114,1056401;0;0.016390426;Алкомаркеты
2,9452E+14;Ашан;55,16962814;61,35484314;97.92518158;ПродуктСО601;130,6215146;0;0.333890962;Гипермаркеты
2,9879E+14;Ашан;55,1810853;61,2928021;113.1054105;ПродуктСО603;113,1054105;1;0;Гипермаркеты
2,9879E+14;"ООО ""ПВ Урал""";55,14479446;61,44387054;33.25044116;ПродуктСО503;50,23471114;0;0.510798335;Жесткие Дискаунтеры
2,9879E+14;"ООО ""ПВ-Средний Урал""";55,26805115;61,39795303;44.26256483;ПродуктСО503;50,23471114;0;0.134925446;Дискаунтеры
2,9452E+14;Лупу В.М.;55,17839813;61,34170151;120.5367182;ПродуктЧрПрил303;120,5367182;1;0;Киоски
2,9879E+14;Продукты Жданов;55,17187211;61,29975636;84.69447681;ПродуктЧрПрил303;84,69447681;1;0;Киоски
2,9879E+14;Алиев ИП;55,165363;61,46626;64.76865837;ПродуктЧрПрил303;64,76865837;1;0;Киоски
5,34E+13;Сорокина ЧП;55,24551522;61,40421593;37.30522067;ПродуктЧрПрил203;48,57496188;0;0.302095551;Киоски
5,34E+13;Сорокина ЧП;55,2655538;61,39679298;54.13220596;ПродуктЧрПрил203;54,13220596;1;0;Киоски
2,9879E+14;Красное и Белое;55,24739;61,403893;100.5760712;СпецАлко403;114,1056401;0;0.134520753;Алкомаркеты
2,9879E+14;Красное и Белое;55,210613;61,281083;91.55551146;СпецАлко403;114,1056401;0;0.246300067;Алкомаркеты
19110097100;Красное и Белое;55,14987781;61,4162048;70.54266897;СпецАлко403;114,1056401;0;0.617540727;Алкомаркеты
19110097102;Красное и Белое;55,21750058;61,29635297;96.50027339;СпецАлко403;114,1056401;0;0.182438516;Алкомаркеты
19110097103;Красное и Белое;55,1833362;61,45417247;241.4451426;СпецАлко403;241,4451426;1;0;Алкомаркеты
19110097204;Красное и Белое;55,14731927;61,3974528;51.82365917;СпецАлко403;86,05535119;0;0.660541779;Алкомаркеты
1911041267;Красное и Белое;55,24713696;61,37856971;170.7319233;СпецАлко403;170,7319233;1;0;Алкомаркеты
1911090535;Красное и Белое;55,12911429;61,43446372;129.7042227;СпецАлко403;129,7042227;1;0;Алкомаркеты
1911119990;Красное и Белое;55,1215267;61,43369752;167.1547459;СпецАлко403;167,1547459;1;0;Алкомаркеты
1911122307;Красное и Белое;55,18772909;61,2957006;91.83218487;СпецАлко403;114,1056401;0;0.242545195;Алкомаркеты
1911224234;Красное и Белое;55,24548689;61,40343764;206.6389887;СпецАлко403;206,6389887;1;0;Алкомаркеты
1911224238;Красное и Белое;55,1619592;61,44805469;138.8271181;СпецАлко402;138,8271181;1;0;Алкомаркеты
1911231877;Красное и Белое;55,17836078;61,4596519;177.6724748;СпецАлко403;177,6724748;1;0;Алкомаркеты
1911233263;Красное и Белое;55,17844166;61,44848635;132.5088685;СпецАлко403;132,5088685;1;0;Алкомаркеты
1911233265;Красное и Белое;55,17874516;61,40034714;106.4733362;СпецАлко403;114,1056401;0;0.071682771;Алкомаркеты
2,9452E+14;Красное и Белое;55,040191;61,37036203;172.2589646;СпецАлко403;172,2589646;1;0;Алкомаркеты
2,9452E+14;Красное и Белое;55,24670084;61,39743285;177.5363264;СпецАлко403;177,5363264;1;0;Алкомаркеты
2,9452E+14;Красное и Белое;55,14180867;61,44137297;171.2005139;СпецАлко403;171,2005139;1;0;Алкомаркеты
2,9452E+14;Красное и Белое;55,17457763;61,48696205;176.612452;СпецАлко403;176,612452;1;0;Алкомаркеты
2,9452E+14;Красное и Белое;55,13187483;61,42906782;213.150645;СпецАлко403;213,150645;1;0;Алкомаркеты
2,9452E+14;Красное и Белое;55,17695727;61,45706631;183.380333;СпецАлко403;183,380333;1;0;Алкомаркеты
2,9452E+14;Красное и Белое;55,13999558;61,4008122;52.70643701;СпецАлко402;90,88106225;0;0.724287723;Алкомаркеты
2,9452E+14;Красное и Белое;55,15784836;61,39086151;72.73667787;СпецАлко403;114,1056401;0;0.568749679;Алкомаркеты
2,9452E+14;Красное и Белое;55,16730816;61,46029254;115.0471698;СпецАлко403;115,0471698;1;0;Алкомаркеты
2,9452E+14;Красное и Белое;55,18958838;61,38638505;114.6956291;СпецАлко403;114,6956291;1;0;Алкомаркеты
2,9452E+14;Красное и Белое;55,16040993;61,41684665;70.42965502;СпецАлко403;114,1056401;0;0.620136291;Алкомаркеты
2,9452E+14;Красное и Белое;55,11365024;61,45802594;118.1625254;СпецАлко403;118,1625254;1;0;Алкомаркеты
2,9452E+14;Красное и Белое;55,17215215;61,41592382;174.1251652;СпецАлко403;174,1251652;1;0;Алкомаркеты
2,9452E+14;Красное и Белое;55,17457608;61,46551806;107.6782482;СпецАлко403;114,1056401;0;0.059690717;Алкомаркеты
2,9452E+14;Красное и Белое;55,194064;61,33049;114.5102051;СпецАлко403;114,5102051;1;0;Алкомаркеты
2,9452E+14;Красное и Белое;55,18883249;61,27530106;114.4409027;СпецАлко403;114,4409027;1;0;Алкомаркеты
2,9452E+14;Красное и Белое;55,17255084;61,43326944;152.8133486;СпецАлко403;152,8133486;1;0;Алкомаркеты
2,9452E+14;Красное и Белое;55,17888796;61,31667942;133.7713507;СпецАлко403;133,7713507;1;0;Алкомаркеты
2,9452E+14;Красное и Белое;55,24197714;61,38329107;134.297084;СпецАлко403;134,297084;1;0;Алкомаркеты
2,9452E+14;Красное и Белое;55,14367294;61,40029144;66.49771977;СпецАлко402;90,88106225;0;0.366679377;Алкомаркеты
2,9452E+14;Красное и Белое;55,15588669;61,4166953;144.6357051;СпецАлко403;144,6357051;1;0;Алкомаркеты
2,9452E+14;Красное и Белое;55,17027444;61,44369726;203.7159698;СпецАлко404;203,7159698;1;0;Алкомаркеты
2,9452E+14;Красное и Белое;55,145851;61,44468971;78.20604011;СпецАлко403;114,1056401;0;0.459038712;Алкомаркеты
2,9452E+14;Красное и Белое;55,25453433;61,38029337;166.2052028;СпецАлко403;166,2052028;1;0;Алкомаркеты
2,9452E+14;Красное и Белое;55,18713534;61,39418189;113.8735682;СпецАлко403;114,1056401;0;0.002037978;Алкомаркеты
2,9452E+14;Красное и Белое;55,18707498;61,33387266;98.51847569;СпецАлко403;114,1056401;0;0.158215647;Алкомаркеты
2,9452E+14;Красное и Белое;55,18504492;61,33051056;116.82893;СпецАлко403;116,82893;1;0;Алкомаркеты
2,9452E+14;Красное и Белое;55,1820203;61,3068071;112.6366258;СпецАлко403;114,1056401;0;0.013042066;Алкомаркеты
2,9452E+14;Красное и Белое;55,18602362;61,40039231;114.8478444;СпецАлко403;114,8478444;1;0;Алкомаркеты
2,9452E+14;Красное и Белое;55,18366638;61,39173612;116.445967;СпецАлко403;116,445967;1;0;Алкомаркеты
2,9452E+14;Красное и Белое;55,18787137;61,3993864;110.0315008;СпецАлко403;114,1056401;0;0.037027026;Алкомаркеты
2,9452E+14;Красное и Белое;55,19072912;61,34753244;82.36620149;СпецАлко403;114,1056401;0;0.385345421;Алкомаркеты
2,9452E+14;Красное и Белое;55,18417045;61,38382219;119.1582975;СпецАлко403;119,1582975;1;0;Алкомаркеты
2,9452E+14;Красное и Белое;55,23470227;61,30567834;154.5136577;СпецАлко403;154,5136577;1;0;Алкомаркеты
2,9452E+14;Красное и Белое;55,12148642;61,50534064;191.0429338;СпецАлко403;191,0429338;1;0;Алкомаркеты
2,9452E+14;Красное и Белое;55,10388831;61,48847786;252.9371462;СпецАлко404;252,9371462;1;0;Алкомаркеты
2,9452E+14;Красное и Белое;55,15048599;61,41715622;98.70167479;СпецАлко403;114,1056401;0;0.156065895;Алкомаркеты
2,9452E+14;Красное и Белое;55,15014431;61,39027856;72.65292218;СпецАлко403;114,1056401;0;0.570558164;Алкомаркеты
2,9452E+14;Красное и Белое;55,12451603;61,36496019;134.9879647;СпецАлко403;134,9879647;1;0;Алкомаркеты
2,9452E+14;Красное и Белое;55,10513989;61,3364587;95.08867469;СпецАлко402;95,08867469;1;0;Алкомаркеты
2,9452E+14;Красное и Белое;55,16673178;61,4680364;118.1643082;СпецАлко403;118,1643082;1;0;Алкомаркеты
2,9452E+14;Красное и Белое;55,1584549;61,37528229;43.30415638;СпецАлко403;77,53584839;0;0.790494375;Алкомаркеты
2,9452E+14;Красное и Белое;55,15618134;61,37543488;49.02942796;СпецАлко403;83,26111998;0;0.698186649;Алкомаркеты
2,9452E+14;Красное и Белое;55,16123047;61,42198354;52.56403713;СпецАлко402;90,88106225;0;0.728958946;Алкомаркеты
2,9452E+14;Красное и Белое;55,19383273;61,32577752;91.17035166;СпецАлко403;114,1056401;0;0.251565207;Алкомаркеты
2,9452E+14;Красное и Белое;55,16335085;61,38847334;83.56858906;СпецАлко402;90,88106225;0;0.087502652;Алкомаркеты
2,9452E+14;Красное и Белое;55,18363239;61,29146199;233.2479092;СпецАлко403;233,2479092;1;0;Алкомаркеты
2,9452E+14;Красное и Белое;55,25304771;61,39199483;106.814092;СпецАлко403;114,1056401;0;0.068263914;Алкомаркеты
2,9452E+14;Красное и Белое;55,24919584;61,39051493;116.7854626;СпецАлко403;116,7854626;1;0;Алкомаркеты
2,9452E+14;Красное и Белое;55,17711131;61,39257898;172.7604847;СпецАлко403;172,7604847;1;0;Алкомаркеты
2,9452E+14;Красное и Белое;55,18543971;61,34294696;68.38047718;СпецАлко402;90,88106225;0;0.32904984;Алкомаркеты
2,9452E+14;Красное и Белое;55,17535393;61,28934788;126.1819443;СпецАлко403;126,1819443;1;0;Алкомаркеты
2,9452E+14;Красное и Белое;55,17317587;61,47435673;70.46186089;СпецАлко403;114,1056401;0;0.619395778;Алкомаркеты
2,9452E+14;Красное и Белое;55,26545715;61,40292358;185.7784676;СпецАлко403;185,7784676;1;0;Алкомаркеты
2,9452E+14;Красное и Белое;55,19499958;61,32868199;87.64676592;СпецАлко403;114,1056401;0;0.301880781;Алкомаркеты
2,9452E+14;Красное и Белое;55,24666049;61,37498695;184.9076611;СпецАлко403;184,9076611;1;0;Алкомаркеты
2,9452E+14;Красное и Белое;55,1911603;61,27995713;116.9208438;СпецАлко403;116,9208438;1;0;Алкомаркеты
2,9452E+14;Красное и Белое;55,25822438;61,3870623;91.8362869;СпецАлко403;114,1056401;0;0.242489694;Алкомаркеты
2,9452E+14;Красное и Белое;55,22920547;61,37538292;197.2563073;СпецАлко404;197,2563073;1;0;Алкомаркеты
2,9452E+14;Красное и Белое;55,19339634;61,341742;96.36246075;СпецАлко403;114,1056401;0;0.184129579;Алкомаркеты
2,9452E+14;Красное и Белое;55,17442926;61,30418167;98.59544866;СпецАлко403;114,1056401;0;0.157311434;Алкомаркеты
2,9452E+14;Красное и Белое;55,16407307;61,28838958;45.61537432;СпецАлко403;79,84706633;0;0.750441984;Алкомаркеты
2,9452E+14;Красное и Белое;55,15615965;61,30345078;77.25227112;СпецАлко402;90,88106225;0;0.176419294;Алкомаркеты
2,9452E+14;Красное и Белое;55,18950904;61,28965382;131.7428198;СпецАлко403;131,7428198;1;0;Алкомаркеты
2,9452E+14;Красное и Белое;55,11875664;61,4237433;238.1556695;СпецАлко404;238,1556695;1;0;Алкомаркеты
2,9452E+14;Красное и Белое;55,25853348;61,38061523;204.8906548;СпецАлко403;204,8906548;1;0;Алкомаркеты
2,9452E+14;Красное и Белое;55,20996872;61,27984062;112.6406006;СпецАлко403;114,1056401;0;0.013006318;Алкомаркеты
2,9452E+14;Красное и Белое;55,2091532;61,28953479;87.60813599;СпецАлко403;114,1056401;0;0.302454832;Алкомаркеты
2,9452E+14;Красное и Белое;55,21856533;61,29870795;106.9556777;СпецАлко403;114,1056401;0;0.066849769;Алкомаркеты
2,9452E+14;Красное и Белое;55,16208544;61,43418353;105.9949306;СпецАлко403;114,1056401;0;0.076519786;Алкомаркеты
2,9452E+14;Красное и Белое;55,19358045;61,48122043;221.7989522;СпецАлко403;221,7989522;1;0;Алкомаркеты
2,9452E+14;Красное и Белое;55,16910172;61,52700043;160.6364563;СпецАлко404;160,6364563;1;0;Алкомаркеты
2,9452E+14;Красное и Белое;55,18699771;61,30102248;108.7233866;СпецАлко403;114,1056401;0;0.0495041;Алкомаркеты
2,9452E+14;Красное и Белое;55,19174345;61,37760449;64.45159129;СпецАлко403;114,1056401;0;0.770408422;Алкомаркеты
2,9452E+14;Красное и Белое;55,24077153;61,37739304;107.663638;СпецАлко403;114,1056401;0;0.059834519;Алкомаркеты
2,9452E+14;Красное и Белое;55,11864182;61,4629785;142.2265841;СпецАлко403;142,2265841;1;0;Алкомаркеты
2,9452E+14;Красное и Белое;55,20358973;61,28489759;97.76134887;СпецАлко403;114,1056401;0;0.167185614;Алкомаркеты
2,9452E+14;Красное и Белое;55,18736589;61,46759226;93.66469527;СпецАлко403;114,1056401;0;0.21823532;Алкомаркеты
2,9452E+14;Красное и Белое;55,18867335;61,32289367;114.7816417;СпецАлко403;114,7816417;1;0;Алкомаркеты
2,9452E+14;Красное и Белое;55,18788051;61,39296581;83.36448277;СпецАлко403;114,1056401;0;0.368756049;Алкомаркеты
2,9452E+14;Красное и Белое;55,20826272;61,30711222;135.2407705;СпецАлко403;135,2407705;1;0;Алкомаркеты
2,9452E+14;Красное и Белое;55,03836992;61,38023879;195.9328936;СпецАлко403;195,9328936;1;0;Алкомаркеты
2,9452E+14;Красное и Белое;55,17150293;61,31031688;95.2960029;СпецАлко403;114,1056401;0;0.197381176;Алкомаркеты
2,9452E+14;Красное и Белое;55,16281667;61,41839448;78.89873707;СпецАлко402;90,88106225;0;0.15186967;Алкомаркеты
2,9452E+14;Красное и Белое;55,14171808;61,39279458;169.7662607;СпецАлко402;169,7662607;1;0;Алкомаркеты
2,94521E+14;Красное и Белое;55,192017;61,288046;75.44336188;СпецАлко403;114,1056401;0;0.512467594;Алкомаркеты
2,94521E+14;Красное и Белое;55,14510099;61,38466963;71.10412459;СпецАлко403;114,1056401;0;0.604768229;Алкомаркеты
2,94521E+14;Красное и Белое;55,09842077;61,48307873;173.71556;СпецАлко403;173,71556;1;0;Алкомаркеты
2,94521E+14;Красное и Белое;55,14000284;61,42391912;146.7825278;СпецАлко403;146,7825278;1;0;Алкомаркеты
2,94521E+14;Красное и Белое;55,17008923;61,51921712;164.161545;СпецАлко403;164,161545;1;0;Алкомаркеты
2,94521E+14;Красное и Белое;55,17568652;61,33240074;126.3911478;СпецАлко403;126,3911478;1;0;Алкомаркеты
2,94521E+14;Красное и Белое;55,17238599;61,54616597;181.7391431;СпецАлко403;181,7391431;1;0;Алкомаркеты
2,94521E+14;Красное и Белое;55,11198779;61,33448929;194.385088;СпецАлко404;194,385088;1;0;Алкомаркеты
2,94521E+14;Красное и Белое;55,17207162;61,48487317;151.2445331;СпецАлко403;151,2445331;1;0;Алкомаркеты
2,94521E+14;Красное и Белое;55,18125445;61,34453235;95.73373169;СпецАлко403;114,1056401;0;0.191906322;Алкомаркеты
2,94521E+14;Красное и Белое;55,17484219;61,25725073;95.95297547;СпецАлко403;114,1056401;0;0.189182925;Алкомаркеты
2,94521E+14;Красное и Белое;55,19371206;61,35430349;68.24201782;СпецАлко403;114,1056401;0;0.672073067;Алкомаркеты
2,9879E+14;Красное и Белое;55,237652;61,302387;133.5400124;СпецАлко403;133,5400124;1;0;Алкомаркеты
2,9879E+14;Красное и Белое;55,25893112;61,39137976;142.8575175;СпецАлко403;142,8575175;1;0;Алкомаркеты
2,9879E+14;Красное и Белое;55,11415262;61,34861179;190.5395803;СпецАлко403;190,5395803;1;0;Алкомаркеты
2,9879E+14;Красное и Белое;55,21439474;61,3034464;128.4622732;СпецАлко403;128,4622732;1;0;Алкомаркеты
2,9879E+14;Красное и Белое;55,1534041;61,3981627;97.07855857;СпецАлко404;136,3945342;0;0.404991341;Алкомаркеты
2,9879E+14;Красное и Белое;55,24531497;61,41016915;166.2530442;СпецАлко403;166,2530442;1;0;Алкомаркеты
2,9879E+14;Красное и Белое;55,249614;61,392622;88.5682783;СпецАлко403;114,1056401;0;0.288335307;Алкомаркеты
2,9879E+14;Красное и Белое;55,16123809;61,44025239;84.68646727;СпецАлко403;114,1056401;0;0.347389302;Алкомаркеты
2,9879E+14;Красное и Белое;55,26448553;61,39112916;125.0756226;СпецАлко403;125,0756226;1;0;Алкомаркеты
2,9879E+14;Красное и Белое;55,18087539;61,44546863;83.42878985;СпецАлко403;114,1056401;0;0.367701009;Алкомаркеты
2,9879E+14;Красное и Белое;55,18422536;61,30181897;83.68294458;СпецАлко403;114,1056401;0;0.363547144;Алкомаркеты
2,9879E+14;Красное и Белое;55,234526;61,300095;193.6234421;СпецАлко403;193,6234421;1;0;Алкомаркеты
2,9879E+14;Красное и Белое;55,1888797;61,3822301;122.4101546;СпецАлко403;122,4101546;1;0;Алкомаркеты
2,9879E+14;Красное и Белое;55,13612809;61,43296726;176.7111154;СпецАлко403;176,7111154;1;0;Алкомаркеты
2,9879E+14;Красное и Белое;55,18445475;61,38919403;73.14511269;СпецАлко403;114,1056401;0;0.559989941;Алкомаркеты
2,9879E+14;Красное и Белое;55,144228;61,435178;124.1930878;СпецАлко403;124,1930878;1;0;Алкомаркеты
2,9879E+14;Красное и Белое;55,184496;61,33403;96.5106388;СпецАлко403;114,1056401;0;0.18231152;Алкомаркеты
2,9879E+14;Красное и Белое;55,142225;61,383854;136.4279904;СпецАлко403;136,4279904;1;0;Алкомаркеты
2,9879E+14;Красное и Белое;55,190176;61,476294;146.0726157;СпецАлко403;146,0726157;1;0;Алкомаркеты
2,9879E+14;Красное и Белое;55,181892;61,399692;109.1573121;СпецАлко403;114,1056401;0;0.04533208;Алкомаркеты
2,9879E+14;Красное и Белое;55,267138;61,397056;141.575378;СпецАлко403;141,575378;1;0;Алкомаркеты
2,9879E+14;Красное и Белое;55,171;61,28;54.5848439;СпецАлко402;90,88106225;0;0.664950484;Алкомаркеты
2,9879E+14;Красное и Белое;55,18052;61,30568;76.44942679;СпецАлко403;114,1056401;0;0.49256371;Алкомаркеты
2,9879E+14;Красное и Белое;55,146425;61,413244;78.45927666;СпецАлко403;114,1056401;0;0.454329493;Алкомаркеты
2,9879E+14;Красное и Белое;55,151276;61,379917;64.45448815;СпецАлко403;114,1056401;0;0.770328853;Алкомаркеты
2,9879E+14;Красное и Белое;55,16867;61,42177;113.3889944;СпецАлко403;114,1056401;0;0.00632024;Алкомаркеты
2,9879E+14;Красное и Белое;55,180267;61,487377;147.7049276;СпецАлко403;147,7049276;1;0;Алкомаркеты
2,9879E+14;Красное и Белое;55,195061;61,302886;182.7887148;СпецАлко403;182,7887148;1;0;Алкомаркеты
2,9879E+14;Красное и Белое;55,247646;61,38607;128.0795604;СпецАлко403;128,0795604;1;0;Алкомаркеты
2,9879E+14;Красное и Белое;55,17627;61,3791;123.9950311;СпецАлко404;136,3945342;0;0.1;Алкомаркеты
2,9879E+14;Красное и Белое;55,17681;61,36866;84.28916214;СпецАлко403;114,1056401;0;0.353740352;Алкомаркеты
2,9879E+14;Красное и Белое;55,189275;61,386959;91.64820642;СпецАлко403;114,1056401;0;0.245039532;Алкомаркеты
2,9879E+14;Красное и Белое;55,250249;61,401503;99.22354548;СпецАлко403;114,1056401;0;0.149985515;Алкомаркеты
2,9879E+14;Красное и Белое;55,19911;61,313872;164.7740469;СпецАлко403;164,7740469;1;0;Алкомаркеты
2,9879E+14;Красное и Белое;55,179066;61,30198;77.36845633;СпецАлко403;114,1056401;0;0.474834131;Алкомаркеты
2,9879E+14;Красное и Белое;55,168105;61,280652;38.40598091;СпецАлко402;65,67029959;0;0.70989773;Алкомаркеты
2,9879E+14;Красное и Белое;55,1359149;61,4552704;107.6721341;СпецАлко403;114,1056401;0;0.059750892;Алкомаркеты
2,9879E+14;Красное и Белое;55,1763533;61,4305841;108.0508165;СпецАлко403;114,1056401;0;0.056036814;Алкомаркеты
2,9879E+14;Красное и Белое;55,16056824;61,37495041;63.71085923;СпецАлко403;114,1056401;0;0.790992014;Алкомаркеты
2,9879E+14;Красное и Белое;55,1440263;61,4460703;94.73863336;СпецАлко404;136,3945342;0;0.439692862;Алкомаркеты
2,9879E+14;Красное и Белое;55,2081685;61,2738006;139.7968841;СпецАлко403;139,7968841;1;0;Алкомаркеты
2,9879E+14;Красное и Белое;55,1602624;61,4008078;73.07835909;СпецАлко403;114,1056401;0;0.561414918;Алкомаркеты
2,9879E+14;Красное и Белое;55,2520452;61,4036846;147.8269814;СпецАлко403;147,8269814;1;0;Алкомаркеты
2,9879E+14;Красное и Белое;55,13661957;61,43878937;95.5365799;СпецАлко403;114,1056401;0;0.194365971;Алкомаркеты
2,9879E+14;Красное и Белое;55,191624;61,34851;110.636952;СпецАлко403;114,1056401;0;0.031351985;Алкомаркеты
2,9879E+14;Красное и Белое;55,1604374;61,2974197;93.87341815;СпецАлко404;136,3945342;0;0.452962264;Алкомаркеты
2,9879E+14;Красное и Белое;55,173843;61,522604;203.4749222;СпецАлко403;203,4749222;1;0;Алкомаркеты
2,9879E+14;Красное и Белое;55,16941;61,45179;103.2283598;СпецАлко403;114,1056401;0;0.105371046;Алкомаркеты
2,9879E+14;Красное и Белое;55,16268921;61,29071426;84.67943419;СпецАлко404;136,3945342;0;0.610716173;Алкомаркеты
2,9879E+14;Красное и Белое;55,16884613;61,53840256;123.6834223;СпецАлко403;123,6834223;1;0;Алкомаркеты
2,9879E+14;Красное и Белое;55,1717186;61,25596619;51.19831141;СпецАлко403;85,43000342;0;0.668609786;Алкомаркеты
2,9879E+14;Красное и Белое;55,17921066;61,3952713;122.180266;СпецАлко403;122,180266;1;0;Алкомаркеты
2,9879E+14;Красное и Белое;55,17228317;61,31527328;85.20395469;СпецАлко403;114,1056401;0;0.339205914;Алкомаркеты
2,9879E+14;Красное и Белое;55,1311603;61,4504496;69.97897128;СпецАлко403;114,1056401;0;0.630570412;Алкомаркеты
2,9879E+14;Красное и Белое;55,1565099;61,3810646;98.28384325;СпецАлко403;114,1056401;0;0.160980648;Алкомаркеты
2,9879E+14;Красное и Белое;55,0383386;61,3726809;107.0979754;СпецАлко403;114,1056401;0;0.065432279;Алкомаркеты
2,9879E+14;Красное и Белое;55,178;61,334362;79.22566332;СпецАлко403;114,1056401;0;0.440261088;Алкомаркеты
2,9879E+14;Красное и Белое;55,1730893;61,3599807;67.91836479;СпецАлко401;113,6483606;0;0.673308256;Алкомаркеты
2,9879E+14;Красное и Белое;55,17581;61,401646;105.3075901;СпецАлко403;114,1056401;0;0.083546209;Алкомаркеты
2,9879E+14;Красное и Белое;55,111238;61,467789;102.8364249;СпецАлко403;114,1056401;0;0.109583887;Алкомаркеты
2,9879E+14;Красное и Белое;55,167095;61,41795;72.78085047;СпецАлко403;114,1056401;0;0.567797564;Алкомаркеты
2,9879E+14;Красное и Белое;55,190719;61,332009;81.92785978;СпецАлко403;114,1056401;0;0.392757486;Алкомаркеты
2,9879E+14;Красное и Белое;55,174388;61,337462;66.86612296;СпецАлко403;114,1056401;0;0.706479081;Алкомаркеты
2,9879E+14;Красное и Белое;55,240852;61,36645;137.6934027;СпецАлко403;137,6934027;1;0;Алкомаркеты
2,9879E+14;Красное и Белое;55,181973;61,44616;105.4288318;СпецАлко403;114,1056401;0;0.082300146;Алкомаркеты
2,9879E+14;Красное и Белое;55,12397766;61,36953354;122.3187474;СпецАлко403;122,3187474;1;0;Алкомаркеты
2,9879E+14;Красное и Белое;55,13088;61,373585;75.52462576;СпецАлко402;90,88106225;0;0.20333019;Алкомаркеты
2,9879E+14;Красное и Белое;55,164942;61,457548;82.69514407;СпецАлко403;114,1056401;0;0.37983483;Алкомаркеты
2,9879E+14;Красное и Белое;55,185394;61,429377;78.28656328;СпецАлко403;114,1056401;0;0.45753799;Алкомаркеты
2,9879E+14;Красное и Белое;55,175007;61,339798;85.48519438;СпецАлко403;114,1056401;0;0.33480003;Алкомаркеты
2,9879E+14;Красное и Белое;55,208548;61,284982;103.5550087;СпецАлко403;114,1056401;0;0.101884317;Алкомаркеты
2,9879E+14;Красное и Белое;55,1681717;61,2784504;36.90337784;СпецАлко402;64,16769651;0;0.738802795;Алкомаркеты
2,9879E+14;Красное и Белое;55,13148;61,442368;74.0911137;СпецАлко403;114,1056401;0;0.54007187;Алкомаркеты
2,9879E+14;Красное и Белое;55,208204;61,273726;48.80792844;СпецАлко403;83,03962046;0;0.701355151;Алкомаркеты
2,9879E+14;Красное и Белое;55,175493;61,260467;71.11443115;СпецАлко403;114,1056401;0;0.604535651;Алкомаркеты
2,9879E+14;Красное и Белое;55,141881;61,426314;114.2804903;СпецАлко403;114,2804903;1;0;Алкомаркеты
2,9879E+14;Красное и Белое;55,178038;61,295277;81.62967126;СпецАлко403;114,1056401;0;0.39784515;Алкомаркеты
2,9879E+14;Красное и Белое;55,186109;61,430509;206.2431456;СпецАлко403;206,2431456;1;0;Алкомаркеты
2,9879E+14;Красное и Белое;55,190193;61,294918;77.52058063;СпецАлко403;114,1056401;0;0.471939956;Алкомаркеты
2,9879E+14;Красное и Белое;55,211399;61,300712;51.28861877;СпецАлко403;85,52031079;0;0.667432519;Алкомаркеты
2,9879E+14;Красное и Белое;55,196115;61,479027;145.6504435;СпецАлко403;145,6504435;1;0;Алкомаркеты
2,9879E+14;Красное и Белое;55,208782;61,280922;69.65104444;СпецАлко403;114,1056401;0;0.638247365;Алкомаркеты
2,9879E+14;Красное и Белое;55,183256;61,444038;143.1584611;СпецАлко403;143,1584611;1;0;Алкомаркеты
2,9879E+14;Красное и Белое;55,212216;61,288683;46.32499199;СпецАлко403;80,556684;0;0.738946529;Алкомаркеты
2,9879E+14;Красное и Белое;55,109374;61,478147;84.05897264;СпецАлко403;114,1056401;0;0.357447474;Алкомаркеты
2,9879E+14;Красное и Белое;55,189491;61,323331;108.8313694;СпецАлко403;114,1056401;0;0.04846278;Алкомаркеты
2,9879E+14;Красное и Белое;55,144764;61,443794;97.06634211;СпецАлко403;114,1056401;0;0.175542805;Алкомаркеты
2,9879E+14;Красное и Белое;55,19037;61,391235;97.21125393;СпецАлко403;114,1056401;0;0.173790435;Алкомаркеты
2,9879E+14;Красное и Белое;55,1806;61,332;74.47228985;СпецАлко403;114,1056401;0;0.532189225;Алкомаркеты
2,9879E+14;Красное и Белое;55,195061;61,352859;125.5835596;СпецАлко403;125,5835596;1;0;Алкомаркеты
2,9879E+14;Красное и Белое;55,177086;61,29863;101.9742253;СпецАлко403;114,1056401;0;0.118965501;Алкомаркеты
2,9879E+14;Красное и Белое;55,18946;61,37694;64.03454161;СпецАлко403;114,1056401;0;0.781938891;Алкомаркеты
2,9879E+14;Красное и Белое;55,184326;61,457134;120.9092023;СпецАлко403;120,9092023;1;0;Алкомаркеты
2,9879E+14;Красное и Белое;55,12786;61,470646;52.94473752;СпецАлко403;87,17642953;0;0.646555137;Алкомаркеты
2,9879E+14;Красное и Белое;55,177283;61,438513;87.24498403;СпецАлко403;114,1056401;0;0.307876221;Алкомаркеты
2,9879E+14;Красное и Белое;55,13669;61,39719;87.83898859;СпецАлко402;90,88106225;0;0.034632385;Алкомаркеты
2,9879E+14;Красное и Белое;55,25496;61,402283;98.33636238;СпецАлко403;114,1056401;0;0.160360596;Алкомаркеты
2,9879E+14;Красное и Белое;55,166089;61,453614;74.12278933;СпецАлко403;114,1056401;0;0.539413736;Алкомаркеты
2,9879E+14;Красное и Белое;55,172506;61,551027;105.2410155;СпецАлко403;114,1056401;0;0.084231651;Алкомаркеты
2,9879E+14;Красное и Белое;55,248512;61,40311;69.08738045;СпецАлко403;114,1056401;0;0.651613353;Алкомаркеты
2,9879E+14;Красное и Белое;55,17992;61,324104;73.17955962;СпецАлко403;114,1056401;0;0.559255626;Алкомаркеты
2,9879E+14;Красное и Белое;55,249417;61,396652;74.47997612;СпецАлко403;114,1056401;0;0.532031104;Алкомаркеты
2,9879E+14;Красное и Белое;55,18304;61,271957;83.96727576;СпецАлко402;90,88106225;0;0.082339059;Алкомаркеты
2,9879E+14;Красное и Белое;55,039445;61,377823;116.9885853;СпецАлко403;116,9885853;1;0;Алкомаркеты
2,9879E+14;Красное и Белое;55,172697;61,452949;97.61295778;СпецАлко403;114,1056401;0;0.168959969;Алкомаркеты
2,9879E+14;Красное и Белое;55,138521;61,450416;108.3925081;СпецАлко403;114,1056401;0;0.052707813;Алкомаркеты
2,9879E+14;Красное и Белое;55,163657;61,442807;87.31903553;СпецАлко403;114,1056401;0;0.306767068;Алкомаркеты
2,9879E+14;Красное и Белое;55,20898;61,308087;89.36605601;СпецАлко403;114,1056401;0;0.276834238;Алкомаркеты
2,9879E+14;Красное и Белое;55,165363;61,46626;87.64311926;СпецАлко403;114,1056401;0;0.301934949;Алкомаркеты
2,9879E+14;Красное и Белое;55,189609;61,340399;70.56786173;СпецАлко403;114,1056401;0;0.616963264;Алкомаркеты
2,9879E+14;Красное и Белое;55,112206;61,363935;152.6818669;СпецАлко403;152,6818669;1;0;Алкомаркеты
96798103;Красное и Белое;55,12898701;61,4685093;145.0415523;СпецАлко403;145,0415523;1;0;Алкомаркеты
96813140;Красное и Белое;55,15084894;61,41123055;70.26543084;СпецАлко403;114,1056401;0;0.623922869;Алкомаркеты
N*55708410;Красное и Белое;55,13269;61,43388;118.4608018;СпецАлко403;118,4608018;1;0;Алкомаркеты
N*55708412;Красное и Белое;55,18082;61,434875;178.8535936;СпецАлко403;178,8535936;1;0;Алкомаркеты
N12459501;Красное и Белое;55,195046;61,322424;116.3072157;СпецАлко403;116,3072157;1;0;Алкомаркеты
N12459502;Красное и Белое;55,19286782;61,32207983;93.23608368;СпецАлко403;114,1056401;0;0.223835618;Алкомаркеты
N12459504;Красное и Белое;55,18525496;61,4219286;179.5153407;СпецАлко403;179,5153407;1;0;Алкомаркеты
N12459509;Красное и Белое;55,13368162;61,44691391;134.9707811;СпецАлко403;134,9707811;1;0;Алкомаркеты
N12459510;Красное и Белое;55,25347331;61,39678372;140.7594889;СпецАлко403;140,7594889;1;0;Алкомаркеты
N12459511;Красное и Белое;55,16690479;61,52191004;146.4431237;СпецАлко404;146,4431237;1;0;Алкомаркеты
N12459512;Красное и Белое;55,16524035;61,40752349;94.63454371;СпецАлко403;114,1056401;0;0.205750412;Алкомаркеты
N12459513;Красное и Белое;55,25455402;61,38507709;154.080672;СпецАлко403;154,080672;1;0;Алкомаркеты
N12459516;Красное и Белое;55,27107537;61,40131418;159.0948041;СпецАлко403;159,0948041;1;0;Алкомаркеты
N12459517;Красное и Белое;55,18562989;61,28243097;97.8792723;СпецАлко403;114,1056401;0;0.165779407;Алкомаркеты
N12459518;Красное и Белое;55,13207226;61,43262864;137.3971384;СпецАлко403;137,3971384;1;0;Алкомаркеты
N12459519;Красное и Белое;55,13073118;61,36794931;82.6191475;СпецАлко402;90,88106225;0;0.1;Алкомаркеты
N12459520;Красное и Белое;55,18758488;61,41383731;132.9423655;СпецАлко403;132,9423655;1;0;Алкомаркеты
N12459521;Красное и Белое;55,14826097;61,39409032;74.16977609;СпецАлко403;114,1056401;0;0.538438513;Алкомаркеты
N12459522;Красное и Белое;55,19416;61,34401465;54.80583114;СпецАлко403;89,03752315;0;0.624599451;Алкомаркеты
N12459523;Красное и Белое;55,18451691;61,37108612;79.78576529;СпецАлко403;114,1056401;0;0.430150349;Алкомаркеты
N12459524;Красное и Белое;55,16367369;61,38090756;72.36511227;СпецАлко403;114,1056401;0;0.576804574;Алкомаркеты
N12459526;Красное и Белое;55,15996475;61,29377642;171.4272828;СпецАлко404;171,4272828;1;0;Алкомаркеты
N12459527;Красное и Белое;55,19503391;61,28062862;81.64212856;СпецАлко403;114,1056401;0;0.397631861;Алкомаркеты
N12459529;Красное и Белое;55,1859121;61,42038875;131.2315172;СпецАлко403;131,2315172;1;0;Алкомаркеты
N12459530;Красное и Белое;55,18605151;61,43099444;91.70360766;СпецАлко403;114,1056401;0;0.244287362;Алкомаркеты
N12459531;Красное и Белое;55,16169851;61,4589624;100.2215656;СпецАлко403;114,1056401;0;0.138533801;Алкомаркеты
N12459532;Красное и Белое;55,25286484;61,36937332;209.3124773;СпецАлко403;209,3124773;1;0;Алкомаркеты
N12459534;Красное и Белое;55,2372916;61,37369927;134.0462058;СпецАлко403;134,0462058;1;0;Алкомаркеты
N12459535;Красное и Белое;55,17550592;61,30115804;108.5960747;СпецАлко403;114,1056401;0;0.05073448;Алкомаркеты
N12459539;Красное и Белое;55,19886917;61,33734751;103.8007503;СпецАлко403;114,1056401;0;0.099275677;Алкомаркеты
N12459542;Красное и Белое;55,19406633;61,30757365;79.13716966;СпецАлко403;114,1056401;0;0.441871633;Алкомаркеты
N12459546;Красное и Белое;55,183441;61,387588;74.65962836;СпецАлко403;114,1056401;0;0.528344603;Алкомаркеты
N12459702;Красное и Белое;55,1720356;61,53103342;152.7192752;СпецАлко404;152,7192752;1;0;Алкомаркеты
N12459703;Красное и Белое;55,1689932;61,4685788;157.168076;СпецАлко403;157,168076;1;0;Алкомаркеты
N12459707;Красное и Белое;55,14662471;61,39688484;75.18018659;СпецАлко403;114,1056401;0;0.517762129;Алкомаркеты
N12459732;Красное и Белое;55,1593921;61,40612686;41.18218016;СпецАлко402;68,44649884;0;0.662041654;Алкомаркеты
N12459733;Красное и Белое;55,17881561;61,37205398;106.2542304;СпецАлко403;114,1056401;0;0.073892678;Алкомаркеты
N12459735;Красное и Белое;55,11462739;61,42618227;142.41975;СпецАлко404;142,41975;1;0;Алкомаркеты
N12459736;Красное и Белое;55,1164488;61,46849698;113.9653301;СпецАлко403;114,1056401;0;0.001231163;Алкомаркеты
N12459737;Красное и Белое;55,15967493;61,3912461;55.63099237;СпецАлко403;89,86268439;0;0.615334916;Алкомаркеты
N12459738;Красное и Белое;55,17898828;61,33354414;85.73078752;СпецАлко403;114,1056401;0;0.330976226;Алкомаркеты
N12459739;Красное и Белое;55,18021346;61,38778124;125.7595631;СпецАлко403;125,7595631;1;0;Алкомаркеты
N12459740;Красное и Белое;55,14192221;61,42879341;176.1575599;СпецАлко403;176,1575599;1;0;Алкомаркеты
N12459741;Красное и Белое;55,19400024;61,31218338;106.837716;СпецАлко403;114,1056401;0;0.0680277;Алкомаркеты
N12459742;Красное и Белое;55,17566958;61,31321669;140.7259469;СпецАлко403;140,7259469;1;0;Алкомаркеты
N12459745;Красное и Белое;55,13067951;61,45235229;118.599304;СпецАлко403;118,599304;1;0;Алкомаркеты
N12459746;Красное и Белое;55,11691376;61,44495084;167.9449701;СпецАлко403;167,9449701;1;0;Алкомаркеты
N12459747;Красное и Белое;55,12011;61,377681;101.4337655;СпецАлко403;114,1056401;0;0.124927577;Алкомаркеты
N12459748;Красное и Белое;55,193123;61,360375;98.6117398;СпецАлко403;114,1056401;0;0.15712024;Алкомаркеты
N12459749;Красное и Белое;55,187934;61,484641;127.1006485;СпецАлко403;127,1006485;1;0;Алкомаркеты
N12459753;Красное и Белое;55,178054;61,327086;99.29939154;СпецАлко403;114,1056401;0;0.149107142;Алкомаркеты
N12459755;Красное и Белое;55,120609;61,45992;84.65720188;СпецАлко403;114,1056401;0;0.347855085;Алкомаркеты
N12459757;Красное и Белое;55,289285;61,540508;135.6008263;СпецАлко400;135,6008263;1;0;Алкомаркеты
N12459761;Красное и Белое;55,195303;61,362049;188.9513177;СпецАлко403;188,9513177;1;0;Алкомаркеты
N12459762;Красное и Белое;55,257484;61,400486;94.63515233;СпецАлко403;114,1056401;0;0.205742657;Алкомаркеты
N12459763;Красное и Белое;55,192641;61,281757;82.10190714;СпецАлко403;114,1056401;0;0.389804988;Алкомаркеты
N12459764;Красное и Белое;55,19405;61,30481;68.84570305;СпецАлко403;114,1056401;0;0.657411211;Алкомаркеты
N12459765;Красное и Белое;55,11516;61,465706;106.3796307;СпецАлко403;114,1056401;0;0.072626774;Алкомаркеты
N12459767;Красное и Белое;55,121088;61,51328;187.6864321;СпецАлко403;187,6864321;1;0;Алкомаркеты
N12459768;Красное и Белое;55,1264;61,4292;192.4013816;СпецАлко403;192,4013816;1;0;Алкомаркеты
N12459800;Красное и Белое;55,19734655;61,35419413;121.5012178;СпецАлко403;121,5012178;1;0;Алкомаркеты
N12459901;Красное и Белое;55,14734613;61,3721915;87.66345471;СпецАлко403;114,1056401;0;0.301632937;Алкомаркеты
N12459903;Красное и Белое;55,20905413;61,29741261;65.24643506;СпецАлко403;114,1056401;0;0.74884099;Алкомаркеты
N12459906;Красное и Белое;55,24099725;61,3912306;231.1446343;СпецАлко403;231,1446343;1;0;Алкомаркеты
N12459907;Красное и Белое;55,18296836;61,37260916;98.29965407;СпецАлко403;114,1056401;0;0.160793913;Алкомаркеты
N12459910;Красное и Белое;55,1472021;61,37948455;114.2811894;СпецАлко403;114,2811894;1;0;Алкомаркеты
N12460500;Красное и Белое;55,17563778;61,43782435;123.3544518;СпецАлко403;123,3544518;1;0;Алкомаркеты
N12460501;Красное и Белое;55,12102006;61,47203397;195.1456686;СпецАлко403;195,1456686;1;0;Алкомаркеты
N12460504;Красное и Белое;55,07229219;61,39397093;201.4917605;СпецАлко403;201,4917605;1;0;Алкомаркеты
N12700600;Красное и Белое;55,16973998;61,46148929;154.486007;СпецАлко403;154,486007;1;0;Алкомаркеты
N12700604;Красное и Белое;55,23759624;61,37822974;155.3044135;СпецАлко403;155,3044135;1;0;Алкомаркеты
N12701302;Красное и Белое;55,20611807;61,2794517;102.40779;СпецАлко403;114,1056401;0;0.114228127;Алкомаркеты
N12701303;Красное и Белое;55,1836436;61,39800243;102.7421963;СпецАлко403;114,1056401;0;0.110601526;Алкомаркеты
N12701306;Красное и Белое;55,14929954;61,38642749;68.85733765;СпецАлко403;114,1056401;0;0.657131163;Алкомаркеты
1911017551;Пятерочка;55,13516648;61,43893911;190.6427863;ПродуктСО523;190,6427863;1;0;Конвиниенс
2,9452E+14;Пятерочка;55,10928164;61,47569921;224.8125679;ПродуктСО433;224,8125679;1;0;Конвиниенс
2,9452E+14;Пятерочка;55,11907831;61,43489026;222.3093534;ПродуктСО523;222,3093534;1;0;Конвиниенс
2,9452E+14;Пятерочка;55,1172843;61,42675593;141.0531746;ПродуктСО524;141,0531746;1;0;Конвиниенс
2,9452E+14;Пятерочка;55,13048503;61,44172031;90.56772121;ПродуктСО523;112,8544541;0;0.246078102;Конвиниенс
2,9879E+14;Пятерочка;55,09926066;61,48687485;246.7114345;ПродуктСО523;246,7114345;1;0;Конвиниенс
N295608;Пятерочка;55,13675316;61,44883789;158.123729;ПродуктСО433;158,123729;1;0;Конвиниенс
N29561768;Пятерочка;55,13380365;61,44549452;188.2483827;ПродуктСО533;188,2483827;1;0;Конвиниенс
2,9452E+14;Пятерочка;55,11379441;61,45784408;114.8750142;ПродуктСО533;132,4588263;0;0.153069074;Конвиниенс
2,9879E+14;Пятерочка;55,114558;61,460721;123.2374799;ПродуктСО423;123,2374799;1;0;Конвиниенс
2,9452E+14;Пятерочка;55,16921773;61,53300934;184.8977402;ПродуктСО434;184,8977402;1;0;Конвиниенс
2,9452E+14;Пятерочка;55,17289465;61,47229065;78.68874288;ПродуктСО423;116,5583515;0;0.481258274;Конвиниенс
2,9879E+14;Пятерочка;55,187093;61,48367819;165.2393189;ПродуктСО533;165,2393189;1;0;Конвиниенс
N12166821;Пятерочка;55,1709311;61,5204236;269.8127638;ПродуктСО524;269,8127638;1;0;Конвиниенс
2,9452E+14;Пятерочка;55,1836009;61,4545514;103.3404185;ПродуктСО543;123,173728;0;0.191922094;Конвиниенс
2,9879E+14;Пятерочка;55,16865;61,528156;120.8944918;ПродуктСО534;153,5725978;0;0.270302686;Конвиниенс
N12166815;Пятерочка;55,1706606;61,4638657;84.20286804;ПродуктСО523;112,8544541;0;0.340268529;Конвиниенс
1911017491;Пятерочка;55,1789093;61,31564331;162.6954312;ПродуктСО523;162,6954312;1;0;Конвиниенс
1911017498;Пятерочка;55,18836212;61,33364487;100.5942016;ПродуктСО543;123,173728;0;0.22446151;Конвиниенс
2,9452E+14;Пятерочка;55,17802346;61,3566315;113.5742669;ПродуктСО443;153,2682432;0;0.349497975;Конвиниенс
2,94521E+14;Пятерочка;55,1758098;61,30818707;109.9522718;ПродуктСО423;116,5583515;0;0.060081339;Конвиниенс
2,9879E+14;Пятерочка;55,174834;61,3402321;82.0054071;ПродуктСО413;82,35002502;0;0.004202381;Конвиниенс
N2956498;Пятерочка;55,1746962;61,3142634;108.4274272;ПродуктСО423;116,5583515;0;0.074989553;Конвиниенс
2,94521E+14;Пятерочка;55,1746135;61,3318773;42.96379448;ПродуктСО513;72,61393284;0;0.690119174;Конвиниенс
2,9452E+14;Пятерочка;55,17600579;61,42785061;189.7979709;ПродуктСО523;189,7979709;1;0;Конвиниенс
2,9452E+14;Пятерочка;55,1716336;61,45609188;127.2441617;ПродуктСО523;127,2441617;1;0;Конвиниенс
2,9452E+14;Пятерочка;55,18645269;61,43136632;178.4985629;ПродуктСО523;178,4985629;1;0;Конвиниенс
2,9879E+14;Пятерочка;55,17084885;61,45189285;103.8854702;ПродуктСО533;132,4588263;0;0.275046703;Конвиниенс
N2956373;Пятерочка;55,17108837;61,41605794;81.83185259;ПродуктСО523;112,8544541;0;0.379101787;Конвиниенс
2,94521E+14;Пятерочка;55,16333609;61,41159475;65.833609;ПродуктСО522;107,8619653;0;0.638402739;Конвиниенс
N2956479;Пятерочка;55,17219226;61,43245194;81.85758299;ПродуктСО423;116,5583515;0;0.423916358;Конвиниенс
N2956705;Пятерочка;55,16415828;61,41745571;77.94661577;ПродуктСО532;97,67903964;0;0.253153054;Конвиниенс
2,9452E+14;Пятерочка;55,25274421;61,40286785;175.4499851;ПродуктСО533;175,4499851;1;0;Конвиниенс
2,9452E+14;Пятерочка;55,24653339;61,40402187;144.8376234;ПродуктСО533;144,8376234;1;0;Конвиниенс
2,9452E+14;Пятерочка;55,24163327;61,38501003;143.0378589;ПродуктСО423;143,0378589;1;0;Конвиниенс
2,9879E+14;Пятерочка;55,243522;61,399844;129.6046964;ПродуктСО433;129,6046964;1;0;Конвиниенс
2,9879E+14;Пятерочка;55,23214573;61,39497746;247.1337651;ПродуктСО420;247,1337651;1;0;Конвиниенс
2,9879E+14;Пятерочка;55,241349;61,365839;217.1197495;ПродуктСО523;217,1197495;1;0;Конвиниенс
N29561801;Пятерочка;55,2500728;61,37123;253.6134761;ПродуктСО523;253,6134761;1;0;Конвиниенс
N2956480;Пятерочка;55,24101261;61,37281221;154.0426101;ПродуктСО523;154,0426101;1;0;Конвиниенс
2,9879E+14;Пятерочка;55,24650511;61,40817359;105.2513657;ПродуктСО423;116,5583515;0;0.1074284;Конвиниенс
1911017492;Пятерочка;55,18111038;61,30655289;205.1061228;ПродуктСО423;205,1061228;1;0;Конвиниенс
1911034617;Пятерочка;55,17741013;61,30557632;156.2075239;ПродуктСО423;156,2075239;1;0;Конвиниенс
2,9452E+14;Пятерочка;55,19217875;61,27943024;69.17973551;ПродуктСО523;112,8544541;0;0.631322428;Конвиниенс
2,9452E+14;Пятерочка;55,1887333;61,2909624;107.171261;ПродуктСО523;112,8544541;0;0.053029078;Конвиниенс
N12148502;Пятерочка;55,19228381;61,28409628;72.0987324;ПродуктСО523;112,8544541;0;0.565276536;Конвиниенс
1911017506;Пятерочка;55,18808138;61,38664987;133.885448;ПродуктСО523;133,885448;1;0;Конвиниенс
1911017548;Пятерочка;55,18481475;61,3916428;122.1451245;ПродуктСО523;122,1451245;1;0;Конвиниенс
1911086600;Пятерочка;55,1843485;61,4007268;210.4203589;ПродуктСО523;210,4203589;1;0;Конвиниенс
2,9452E+14;Пятерочка;55,17479957;61,40016686;101.6987415;ПродуктСО523;112,8544541;0;0.109693713;Конвиниенс
2,9452E+14;Пятерочка;55,18674508;61,36963726;141.4520335;ПродуктСО433;141,4520335;1;0;Конвиниенс
2,9452E+14;Пятерочка;55,18743675;61,37590219;122.6466292;ПродуктСО523;122,6466292;1;0;Конвиниенс
2,9879E+14;Пятерочка;55,1797897;61,4041101;140.2969351;ПродуктСО523;140,2969351;1;0;Конвиниенс
2,9879E+14;Пятерочка;55,18454482;61,3972755;64.68459443;ПродуктСО523;112,8544541;0;0.744688285;Конвиниенс
N12166816;Пятерочка;55,1844902;61,37117386;81.39229474;ПродуктСО423;116,5583515;0;0.432056337;Конвиниенс
2,9452E+14;Пятерочка;55,18495468;61,40700851;38.89792622;ПродуктСО513;68,54806457;0;0.76225499;Конвиниенс
1911017553;Пятерочка;55,18678587;61,43747271;201.1364237;ПродуктСО523;201,1364237;1;0;Конвиниенс
2,94521E+14;Пятерочка;55,2613782;61,40220769;155.855011;ПродуктСО433;155,855011;1;0;Конвиниенс
2,9879E+14;Пятерочка;55,3027929;61,3565853;193.2407882;ПродуктСО431;212,564867;0;0.1;Конвиниенс
2,9452E+14;Пятерочка;55,27118431;61,40152601;142.4210993;ПродуктСО423;142,4210993;1;0;Конвиниенс
96803664;Пятерочка;55,26455221;61,39922976;89.62660914;ПродуктСО533;132,4588263;0;0.477896214;Конвиниенс
2,9452E+14;Пятерочка;55,18918728;61,36798526;119.9931912;ПродуктСО433;120,0517368;0;0.000487908;Конвиниенс
2,9879E+14;Пятерочка;55,18957872;61,34187103;93.0554734;ПродуктСО533;132,4588263;0;0.42343939;Конвиниенс
n29561910;Пятерочка;55,1912176;61,36244427;80.35952385;ПродуктСО423;116,5583515;0;0.450460952;Конвиниенс
2,9452E+14;Пятерочка;55,11853733;61,46323431;126.0110433;ПродуктСО433;126,0110433;1;0;Конвиниенс
1911017554;Пятерочка;55,14514113;61,43583739;190.4932885;ПродуктСО523;190,4932885;1;0;Конвиниенс
1911017557;Пятерочка;55,1402231;61,44189741;105.9868592;ПродуктСО533;132,4588263;0;0.249766503;Конвиниенс
2,9879E+14;Пятерочка;55,14857978;61,43305745;163.7079714;ПродуктСО523;163,7079714;1;0;Конвиниенс
2,9879E+14;Пятерочка;55,15348153;61,37178167;99.45692587;ПродуктСО533;132,4588263;0;0.331821038;Конвиниенс
2,9879E+14;Пятерочка;55,14791187;61,42724594;218.5378047;ПродуктСО523;218,5378047;1;0;Конвиниенс
N295606;Пятерочка;55,15716015;61,36550702;109.1780735;ПродуктСО532;109,1780735;1;0;Конвиниенс
2,9452E+14;Пятерочка;55,14621761;61,44518786;73.05395806;ПродуктСО513;98,83379452;0;0.352887607;Конвиниенс
2,9879E+14;Пятерочка;55,16021;61,41567;48.94264968;ПродуктСО523;82,79898591;0;0.691755278;Конвиниенс
2,9879E+14;Пятерочка;55,2090807;61,30157959;77.41902742;ПродуктСО433;120,0517368;0;0.550674826;Конвиниенс
2,9879E+14;Пятерочка;55,174835;61,257152;67.41415985;ПродуктСО523;112,8544541;0;0.674046734;Конвиниенс
2,9879E+14;Пятерочка;55,1589112;61,297835;37.4164545;ПродуктСО514;66,8509717;0;0.786673072;Конвиниенс
2,9452E+14;Пятерочка;55,03371757;61,37254457;250.8220015;ПродуктСО523;250,8220015;1;0;Конвиниенс
N295655;Пятерочка;55,04280012;61,37791157;203.0093593;ПродуктСО433;203,0093593;1;0;Конвиниенс
N29561847;Пятерочка;55,03902861;61,37875613;120.6239477;ПродуктСО423;120,6239477;1;0;Конвиниенс
1911017549;Пятерочка;55,1423506;61,411243;207.2555206;ПродуктСО513;207,2555206;1;0;Конвиниенс
2,9452E+14;Пятерочка;55,14545822;61,37454224;212.5417475;ПродуктСО523;212,5417475;1;0;Конвиниенс
N2956589;Пятерочка;55,15340341;61,38241219;78.52428346;ПродуктСО523;112,8544541;0;0.437191772;Конвиниенс
N2956706;Пятерочка;55,14606946;61,38865489;72.84939048;ПродуктСО523;112,8544541;0;0.549147541;Конвиниенс
N12166808;Пятерочка;55,12283567;61,36458099;100.6800024;ПродуктСО543;123,173728;0;0.223418009;Конвиниенс
N295641;Пятерочка;55,13927951;61,39899675;90.31855194;ПродуктСО533;132,4588263;0;0.466573848;Конвиниенс
2,9879E+14;Бристоль;55,259468;61,402493;180.0165218;СпецАлко403;180,0165218;1;0;Алкомаркеты
2,9452E+14;Магнит Челябинск 4 Черкасская (а);55,23102;61,376345;224.9508218;ПродуктСО644;247,4459039;0;0.1;Гипермаркеты
2,9879E+14;Лента;55,1592971;61,2934953;308.8891321;ПродуктСО643;308,8891321;1;0;Гипермаркеты
2,9879E+14;Ип Юшкина (северок);55,196262;61,306023;47.96675591;ПродуктЧрПрил213;47,96675591;1;0;Киоски
19110097101;Красное и Белое;55,14319621;61,40634902;80.17322236;СпецАлко413;115,8035316;0;0.44441658;Алкомаркеты
2,9452E+14;Красное и Белое;55,10501862;61,38560486;122.552372;СпецАлко413;122,552372;1;0;Алкомаркеты
2,9452E+14;Красное и Белое;55,17929529;61,3513529;104.4283927;СпецАлко413;115,8035316;0;0.108927645;Алкомаркеты
2,9879E+14;Красное и Белое;55,18931;61,371635;128.5239017;СпецАлко413;128,5239017;1;0;Алкомаркеты
2,9879E+14;Красное и Белое;55,167081;61,447525;86.10697987;СпецАлко414;94,71767786;0;0.1;Алкомаркеты
2,9879E+14;Красное и Белое;55,174984;61,451548;177.6729677;СпецАлко413;177,6729677;1;0;Алкомаркеты
2,9879E+14;Красное и Белое;55,1715868;61,4220674;106.123483;СпецАлко413;115,8035316;0;0.091214954;Алкомаркеты
N12459525;Красное и Белое;55,26501846;61,40239716;161.1864645;СпецАлко413;161,1864645;1;0;Алкомаркеты
N12459533;Красное и Белое;55,18503624;61,40682426;179.87131;СпецАлко413;179,87131;1;0;Алкомаркеты
N12459751;Красное и Белое;55,166714;61,295516;68.00232623;СпецАлко412;74,80255886;0;0.1;Алкомаркеты
N12459752;Красное и Белое;55,264142;61,398376;152.0009079;СпецАлко413;152,0009079;1;0;Алкомаркеты
2,9879E+14;Пятёрочка;55,1324911;61,4331611;127.1619677;ПродуктСО533;132,4588263;0;0.041654425;Конвиниенс
2,9879E+14;Магнит Хонгор;55,129031;61,4226456;168.5952626;ПродуктСО533;168,5952626;1;0;Конвиниенс
2,9452E+14;Магнит Лодочник;55,09861;61,483456;94.14269053;ПродуктСО423;116,5583515;0;0.238103041;Конвиниенс
N*551752623;Магнит Гравий;55,13169049;61,44182425;63.74723994;ПродуктСО533;103,4848878;0;0.623362642;Конвиниенс
2,9879E+14;Магнит Мироощущение;55,1687731;61,5272413;103.2625627;ПродуктСО444;113,588819;0;0.1;Конвиниенс
2,9879E+14;Магнит Оптимат;55,16224592;61,44938037;49.95053038;ПродуктСО543;86,90264878;0;0.739774295;Конвиниенс
N*551754325;Магнит Опыт;55,24196788;61,3784845;86.54074432;ПродуктСО433;120,0517368;0;0.387227921;Конвиниенс
2,9879E+14;Пятёрочка;55,1939343;61,3085609;89.3784711;ПродуктСО423;116,5583515;0;0.304098739;Конвиниенс
2,9879E+14;Пятёрочка;55,1794345;61,3705641;103.3556331;ПродуктСО433;120,0517368;0;0.161540337;Конвиниенс
1911017503;Пятёрочка;55,26804401;61,39511894;172.7597918;ПродуктСО533;172,7597918;1;0;Конвиниенс
2,9879E+14;Магнит Данные;55,19494159;61,41032452;315.5624068;ПродуктСО521;315,5624068;1;0;Конвиниенс
2,9879E+14;Пятёрочка;55,194013;61,315713;159.3359166;ПродуктСО423;159,3359166;1;0;Конвиниенс
N*551754294;Магнит Бобочка;55,2004887;61,3190205;177.0279328;ПродуктСО443;177,0279328;1;0;Конвиниенс
N295632;Пятерочка-5596;55,12128829;61,45933539;122.0186885;ПродуктСО423;122,0186885;1;0;Конвиниенс
2,9452E+14;Пятерочка-5445;55,15488351;61,37591192;76.76735321;ПродуктСО543;123,173728;0;0.60450664;Конвиниенс
2,9879E+14;Пятёрочка;55,142231;61,424499;113.0126055;ПродуктСО523;113,0126055;1;0;Конвиниенс
N*551754248;Магнит Компаратив;55,14501451;61,40040024;58.42283506;ПродуктСО532;97,67903964;0;0.671932551;Конвиниенс
2,9452E+14;Магнит Таежный;55,14143418;61,45209854;113.5192466;ПродуктСО434;131,2589914;0;0.156270811;Конвиниенс
2,9452E+14;Магнит Сарх;55,154616;61,38154;62.84536697;ПродуктСО522;107,8619653;0;0.716307351;Конвиниенс
2,9879E+14;Магнит Грандис;55,2093438;61,274785;178.8269908;ПродуктСО533;178,8269908;1;0;Конвиниенс
2,9452E+14;Комолова Н.Л 1;55,0394175;61,376888;123.9870511;ПродуктСО433;123,9870511;1;0;Конвиниенс
2,9879E+14;Пятёрочка;55,072474;61,394334;190.8500937;ПродуктСО533;190,8500937;1;0;Конвиниенс
2,9879E+14;Пятерочка x5;55,13859401;61,40253827;99.41398786;ПродуктСО512;99,41398786;1;0;Конвиниенс
2,9879E+14;Магнит Игарка;55,084421;61,3347253;273.4569934;ПродуктСО442;356,9262061;0;0.305237075;Конвиниенс
6822364;Магнит Дизажио;55,11706559;61,39143124;255.3409509;ПродуктСО432;255,3409509;1;0;Конвиниенс
2,9879E+14;Магнит Мелок;55,14482188;61,38691004;52.70990463;ПродуктСО533;92,44755252;0;0.753893375;Конвиниенс
N*551754192;Магнит Бинтимани;55,10868865;61,47913747;152.0188478;ПродуктСО443;153,2682432;0;0.008218688;Конвиниенс
N295612;Пятерочка;55,18913873;61,47672356;129.9556981;ПродуктСО433;129,9556981;1;0;Конвиниенс
2,9879E+14;Магнит Говор;55,1783423;61,4578817;169.4291407;ПродуктСО543;169,4291407;1;0;Конвиниенс
N*551752977;Магнит Абелакский;55,18885818;61,47612928;147.3907314;ПродуктСО543;147,3907314;1;0;Конвиниенс
N*551754190;Магнит Кавинс;55,17753937;61,48842557;175.7832846;ПродуктСО443;175,7832846;1;0;Конвиниенс
2,9452E+14;Магнит Гурьевка;55,1690045;61,4615497;67.71315557;ПродуктСО433;120,0517368;0;0.772945535;Конвиниенс
N*55175152;Магнит Челябинск 1 Братьев Кашириных;55,17946684;61,343755;163.9527802;ПродуктСО633;180,3480582;0;0.1;Гипермаркеты
N*551752901;Магнит Кизикин;55,1790604;61,3223453;55.17099296;ПродуктСО433;91,18651401;0;0.65279813;Конвиниенс
2,9452E+14;Магнит Материк;55,17012405;61,45198441;66.87143765;ПродуктСО433;120,0517368;0;0.79526179;Конвиниенс
2,9879E+14;Бристоль;55,208456;61,300352;99.53435754;СпецАлко403;114,1056401;0;0.1463945;Алкомаркеты
2,9879E+14;Бристоль;55,24485;61,396725;118.6210187;СпецАлко403;118,6210187;1;0;Алкомаркеты
2,9879E+14;Пятерочка;55,25854041;61,37062736;184.6986811;ПродуктСО533;184,6986811;1;0;Конвиниенс
2,9879E+14;Магнит Отсу;55,244793;61,404045;164.4092341;ПродуктСО543;164,4092341;1;0;Конвиниенс
2,9879E+14;Бристоль;55,21952619;61,29673149;91.66495121;СпецАлко403;114,1056401;0;0.244812096;Алкомаркеты
2,9452E+14;Магнит Челябинск 2 Молдавская;55,1920034;61,3021413;267.143563;ПродуктСО643;293,8579193;0;0.1;Гипермаркеты
2,9879E+14;Магнит Ороно;55,179277;61,293723;281.4855901;ПродуктСО443;281,4855901;1;0;Конвиниенс
N*551754326;Магнит Выметание;55,1726625;61,2932116;131.4065451;ПродуктСО533;132,4588263;0;0.008007829;Конвиниенс
2,9879E+14;Бристоль;55,150673;61,38613;52.19692472;СпецАлко403;86,42861674;0;0.655818177;Алкомаркеты
2,9452E+14;Пятерочка;55,17605576;61,39764324;102.411097;ПродуктСО523;112,8544541;0;0.101974858;Конвиниенс
1911017547;Пятерочка;55,187323;61,3939978;64.66491187;ПродуктСО523;112,8544541;0;0.745219329;Конвиниенс
2,9452E+14;Магнит Фронтон;55,18302536;61,39133453;90.42713507;ПродуктСО533;132,4588263;0;0.464812815;Конвиниенс
2,9452E+14;ТК Лента -212;55,22739853;61,37664915;367.0198092;ПродуктСО643;367,0198092;1;0;Гипермаркеты
2,94521E+14;Магнит Ряженка;55,18623622;61,43509103;144.5510026;ПродуктСО543;144,5510026;1;0;Конвиниенс
2,9879E+14;Магнит Джетысай;55,23674;61,380104;278.6568252;ПродуктСО533;278,6568252;1;0;Конвиниенс
2,9879E+14;Бристоль;55,196083;61,333275;171.4561127;СпецАлко403;171,4561127;1;0;Алкомаркеты
1911017494;Пятерочка;55,19906886;61,31382121;118.0765923;ПродуктСО423;118,0765923;1;0;Конвиниенс
2,9879E+14;Магнит Массиллон;55,199773;61,329062;141.1518389;ПродуктСО543;141,1518389;1;0;Конвиниенс
2,9879E+14;Магнит Перевальск;55,193371;61,361447;97.32816584;ПродуктСО543;123,173728;0;0.265550696;Конвиниенс
2,94521E+14;Метрополис;55,12397733;61,47121288;152.2092796;ПродуктСО623;190,2181547;0;0.249714572;Дискаунтеры
2,9879E+14;Метрополис;55,12340813;61,43500641;117.9178686;ПродуктСО523;117,9178686;1;0;Конвиниенс
1911017702;Победа;55,17072109;61,46308277;89.05883289;ПродуктСО543;123,173728;0;0.383060209;Конвиниенс
2,9879E+14;Магнит Паия;55,117493;61,464638;290.1623899;ПродуктСО433;290,1623899;1;0;Конвиниенс
2,9879E+14;Бристоль;55,144629;61,438585;163.7336002;СпецАлко403;163,7336002;1;0;Алкомаркеты
2,9879E+14;Бристоль;55,167683;61,435881;146.773304;СпецАлко403;146,773304;1;0;Алкомаркеты
2,9452E+14;ТК Лента -213;55,143369;61,452949;318.5684198;ПродуктСО633;318,5684198;1;0;Гипермаркеты
2,9879E+14;Магнит Парагоулд;55,138521;61,450416;87.23084218;ПродуктСО443;153,2682432;0;0.757041884;Конвиниенс
2,9879E+14;Бристоль;55,188411;61,285279;64.06698752;СпецАлко403;114,1056401;0;0.781036451;Алкомаркеты
N*551754218;Магнит Челябинск 5 Краснопольский (а);55,2086898;61,2865697;172.9255952;ПродуктСО623;190,2181547;0;0.1;Гипермаркеты
2,9452E+14;Семиков И. Е.(Юрюзань);55,18639737;61,43595055;65.55131912;СпецАлко413;115,8035316;0;0.766608715;Алкомаркеты
2,9452E+14;Бакшенов ИП;55,18000031;61,29840088;23.43151232;ПродуктСО343;25,77466355;0;0.1;Конвиниенс
2,9452E+14;Бакшенов ИП;55,11495842;61,46441096;29.90937578;ПродуктСО323;37,00194039;0;0.23713516;Конвиниенс
2,9452E+14;Бакшенов ИП;55,1185101;61,4278815;14.02122582;ПродуктСО324;15,4233484;0;0.1;Конвиниенс
2,9879E+14;Магнит Просодия;55,1054464;61,3615266;375.4997449;ПродуктСО442;375,4997449;1;0;Конвиниенс
2,9879E+14;Магнит Фрайштадт;55,132767;61,421078;226.5210278;ПродуктСО533;226,5210278;1;0;Конвиниенс
2,9879E+14;Магнит Нахки;55,17812;61,341846;150.151447;ПродуктСО443;153,2682432;0;0.020757684;Конвиниенс
N*551754239;Магнит Бугристость;55,24326611;61,40769485;210.5895204;ПродуктСО543;210,5895204;1;0;Конвиниенс
2,9452E+14;Магнит Восьмеричный;55,1807749;61,3711667;174.7973425;ПродуктСО443;174,7973425;1;0;Конвиниенс
1911017514;СПАР;55,17208714;61,3054242;99.60611373;ПродуктСО543;123,173728;0;0.23660811;Гипермаркеты
534036;Эталон ООО;55,16077867;61,40357481;2.082225406;СпецАлко233;2,290447946;0;0.1;Алкомаркеты
2,9452E+14;Афонин ИП;55,11809921;61,38380051;73.06128249;ПродуктЧрПрил443;73,06128249;1;0;Конвиниенс
2,9452E+14;Козицын ИП;55,13299942;61,37139893;17.45305657;ПродуктЧрПрил332;30,06320628;0;0.722518125;Конвиниенс
2,9452E+14;Семиков Мечта;55,2533989;61,38019943;75.84567542;СпецАлко433;83,43024296;0;0.1;Алкомаркеты
1911122308;Красное и Белое;55,1638413;61,29836813;92.71073985;СпецАлко443;101,9818138;0;0.1;Алкомаркеты
2,9879E+14;Красное и Белое;55,13759;61,444972;58.47311062;СпецАлко443;101,9818138;0;0.744080531;Алкомаркеты
2,9879E+14;Красное и Белое;55,170974;61,297594;64.58827897;СпецАлко443;101,9818138;0;0.578952334;Алкомаркеты
N12700602;Красное и Белое;55,11145591;61,38565707;278.6832578;СпецАлко443;278,6832578;1;0;Алкомаркеты
N12701301;Красное и Белое;55,1145089;61,34596277;134.613021;СпецАлко443;134,613021;1;0;Алкомаркеты
2,9452E+14;Лента;55,10814269;61,34839366;684.8004218;ПродуктСО644;684,8004218;1;0;Гипермаркеты
2,9879E+14;Магнит Сумралл;55,140682;61,37563;138.9755543;ПродуктСО541;152,8731097;0;0.1;Конвиниенс
2,9879E+14;Магнит Зажевичи;55,206796;61,284326;132.3988749;ПродуктСО533;132,4588263;0;0.000452809;Конвиниенс
2,9879E+14;Красное и Белое;55,146053;61,43705;74.58459672;СпецАлко403;114,1056401;0;0.529882108;Алкомаркеты
2,9879E+14;Красное и Белое;55,244423;61,36698;119.7527734;СпецАлко403;119,7527734;1;0;Алкомаркеты
2,9879E+14;Красное и Белое;55,25759;61,395805;87.85869251;СпецАлко403;114,1056401;0;0.298740475;Алкомаркеты
2,9879E+14;Красное и Белое;55,149944;61,4131;50.9175211;СпецАлко403;85,14921312;0;0.672296908;Алкомаркеты
2,9879E+14;Чижик;55,1902538;61,3871813;21.98094489;ПродуктСО503;37,05135824;0;0.685612626;Жесткие Дискаунтеры
2,9879E+14;Чижик;55,244423;61,36698;23.52537299;ПродуктСО503;38,59578633;0;0.640602525;Жесткие Дискаунтеры
2,9879E+14;Ч74070 Челябинск Сталеваров 1;55,2668;61,40301;36.11143914;ПродуктСО503;50,23471114;0;0.391102441;Жесткие Дискаунтеры
2,9879E+14;Ч74092 Челябинск Эльтонская2-я;55,1773245;61,5236515;30.66057151;ПродуктСО503;50,23471114;0;0.63841405;Жесткие Дискаунтеры
2,9879E+14;Ч74108 Челябинск Гражданская29;55,12918;61,419523;28.44230947;ПродуктСО503;50,23471114;0;0.76619663;Жесткие Дискаунтеры
2,9879E+14;Ч74103 Челябинск Масленникова;55,11847687;61,45941544;28.4689604;ПродуктСО503;50,23471114;0;0.764543223;Жесткие Дискаунтеры
2,9879E+14;26465-Пятерочка;55,17246;61,524653;137.5289426;ПродуктСО514;137,5289426;1;0;Конвиниенс
2,9879E+14;27082-Пятерочка;55,151189;61,404027;53.91895086;ПродуктСО502;57,42162076;0;0.064961759;Конвиниенс
2,9879E+14;26685-Пятерочка;55,164515;61,469137;78.44183808;ПродуктСО413;82,35002502;0;0.049822735;Конвиниенс
2,9879E+14;26684-Пятерочка;55,262447;61,404736;38.12966888;ПродуктСО513;67,77980724;0;0.777613319;Конвиниенс
2,9879E+14;27402-Пятерочка;55,167179;61,291333;53.16021608;ПродуктСО502;57,42162076;0;0.080161538;Конвиниенс
2,9879E+14;Перекресток;55,178588;61,355221;70.97525247;ПродуктСО433;120,0517368;0;0.691459102;Супермаркеты
2,9879E+14;Красное и Белое;55,179;61,456183;47.04593313;СпецАлко403;81,27762515;0;0.727622766;Алкомаркеты
2,9879E+14;Монетка;55,038289;61,368265;45.06473028;ПродуктСО503;50,23471114;0;0.11472344;Конвиниенс
